Player,Team,Position,Salary,Height,Weight,Age,GameAvgMin,GameAvgFGM,GameAvgFGA,GameAvg3PM,GameAvg3PA,GameAvgFTM,GameAvgFTA,GameAvgOREB,GameAvgDREB,GameAvgREB,GameAvgAST,GameAvgSTL,GameAvgBLK,GameAvgTO,GameAvgPF,GameAvgPlus&Minus,GameAvgPTS
James Harden,Houston Rockets,SG,"$14,728,844",77,225,25,36.24444444,8.333333333,18.31111111,2.711111111,7.044444444,8.177777778,9.222222222,0.911111111,4.688888889,5.6,6.755555556,1.955555556,0.844444444,3.977777778,2.644444444,5.488888889,27.55555556
LeBron James,Cleveland Cavaliers,SF,"$20,644,400",80,250,30,37.36111111,9.166666667,18.58333333,1.722222222,4.75,6.138888889,8.444444444,0.722222222,4.861111111,5.583333333,7.361111111,1.5,0.722222222,3.972222222,1.805555556,5.722222222,26.19444444
Kevin Durant,Oklahoma City Thunder,SF,"$18,995,624",81,240,26,33.19047619,8.952380952,17.23809524,2.19047619,5.571428571,5.476190476,6.380952381,0.523809524,6.19047619,6.714285714,4.095238095,0.857142857,1,2.857142857,1.523809524,5,25.57142857
Russell Westbrook,Oklahoma City Thunder,PG,"$15,719,062",75,200,26,32.2,8.633333333,20.16666667,0.866666667,3.266666667,6.8,8.466666667,2.1,3.966666667,6.066666667,7.666666667,2.333333333,0.1,3.8,2.833333333,4.133333333,24.93333333
Anthony Davis,New Orleans Pelicans,PF,"$5,607,240",73,220,21,36.3,9.4,16.975,0,0.2,5.5,6.675,2.6,7.8,10.4,1.625,1.625,2.85,1.375,2.15,3.6,24.3
DeMarcus Cousins,Sacramento Kings,C,"$14,746,000",73,270,24,33.83870968,8.483870968,17.64516129,0.032258065,0.064516129,7.161290323,8.870967742,3.096774194,9.516129032,12.61290323,3.161290323,1.35483871,1.612903226,4.225806452,4.290322581,5.161290323,24.16129032
Carmelo Anthony,New York Knicks,SF,"$22,458,401",80,240,30,36.20588235,8.882352941,19.73529412,1.5,4.470588235,4.794117647,6.058823529,1.882352941,4.823529412,6.705882353,3.117647059,0.911764706,0.441176471,2.352941176,2.264705882,-3.529411765,24.05882353
LaMarcus Aldridge,Portland Trail Blazers,PF,"$16,006,000",73,240,29,35.79487179,9.230769231,20.05128205,0.538461538,1.076923077,4.256410256,4.897435897,2.641025641,7.512820513,10.15384615,1.923076923,0.769230769,1.153846154,1.820512821,1.769230769,6.025641026,23.25641026
Blake Griffin,Los Angeles Clippers,PF,"$17,674,613",73,251,25,35.38636364,8.954545455,17.79545455,0.181818182,0.454545455,4.931818182,6.863636364,1.954545455,5.590909091,7.545454545,4.954545455,0.954545455,0.386363636,2.318181818,3,8.363636364,23.02272727
Klay Thompson,Golden State Warriors,SG,"$3,075,880",79,215,24,32.34146341,8.097560976,16.82926829,3.219512195,7.024390244,3.414634146,3.951219512,0.390243902,3.097560976,3.487804878,3.048780488,1.292682927,0.951219512,2,1.756097561,11.82926829,22.82926829
Stephen Curry,Golden State Warriors,PG,"$10,629,213",75,190,26,32.85714286,8,16.19047619,2.952380952,7.452380952,3.857142857,4.19047619,0.738095238,3.976190476,4.714285714,8.19047619,2.095238095,0.214285714,3.285714286,2.071428571,13.14285714,22.80952381
Kobe Bryant,Los Angeles Lakers,SG,"$23,500,000",78,212,36,34.45714286,7.6,20.37142857,1.542857143,5.257142857,5.6,6.885714286,0.742857143,4.942857143,5.685714286,5.628571429,1.342857143,0.2,3.657142857,1.857142857,-8.4,22.34285714
Damian Lillard,Portland Trail Blazers,PG,"$3,340,920",75,195,24,36.31111111,7.4,16.84444444,2.666666667,7.222222222,4.533333333,5.244444444,0.688888889,4,4.688888889,6.2,1.377777778,0.222222222,2.533333333,2,6.111111111,22
Dwyane Wade,Miami Heat,SG,"$15,000,000",76,220,33,32.70588235,8.411764706,17.29411765,0.441176471,1.441176471,4.441176471,6.029411765,1.117647059,2.735294118,3.852941176,5.411764706,1.058823529,0.441176471,3.323529412,1.882352941,-1.264705882,21.70588235
Chris Bosh,Miami Heat,C,"$20,644,400",73,235,30,35.41666667,7.75,16.5,1.416666667,3.833333333,4.277777778,5.444444444,1.138888889,6.416666667,7.555555556,2.111111111,1,0.611111111,2.111111111,1.694444444,-1.666666667,21.19444444
Kyrie Irving,Cleveland Cavaliers,PG,"$7,070,730",75,193,22,38.07142857,7.642857143,16.5,1.785714286,4.619047619,3.857142857,4.595238095,0.571428571,2.547619048,3.119047619,5.214285714,1.571428571,0.333333333,2.261904762,2.047619048,3.80952381,20.92857143
Kevin Martin,Minnesota Timberwolves,SG,"$6,792,500",79,204,31,29.88888889,6.444444444,13.33333333,2.888888889,6,4.666666667,5.333333333,0.444444444,3.222222222,3.666666667,1.888888889,0.666666667,0,1.888888889,2.666666667,-3.666666667,20.44444444
Monta Ellis,Dallas Mavericks,SG,"$8,360,000",75,185,29,33.77777778,7.955555556,17.46666667,1.222222222,3.688888889,3.155555556,4.066666667,0.555555556,1.933333333,2.488888889,4.444444444,1.755555556,0.288888889,2.533333333,2.511111111,4.333333333,20.28888889
Rudy Gay,Sacramento Kings,SF,"$19,317,326",80,230,28,35.275,7.175,16,1.05,2.775,4.75,5.5,1.35,4.6,5.95,4.1,1.2,0.5,2.65,2.275,1.55,20.15
Jimmy Butler,Chicago Bulls,SG,"$2,008,748",79,220,25,39.53488372,6.488372093,14.13953488,1.023255814,3,6.093023256,7.302325581,1.860465116,4.139534884,6,3.279069767,1.76744186,0.651162791,1.441860465,1.76744186,2.023255814,20.09302326
Kyle Lowry,Toronto Raptors,PG,"$12,000,000",73,205,28,34.95454545,6.772727273,15.86363636,1.840909091,5.545454545,4.204545455,5.204545455,0.954545455,3.931818182,4.886363636,7.431818182,1.659090909,0.227272727,2.5,3,4.272727273,19.59090909
Nikola Vucevic,Orlando Magic,C,"$2,751,260",85,260,24,34.3902439,8.56097561,15.92682927,0.048780488,0.073170732,2.414634146,3.146341463,3.097560976,8.073170732,11.17073171,2.073170732,0.658536585,0.780487805,2.024390244,2.926829268,-3.853658537,19.58536585
Marc Gasol,Memphis Grizzlies,C,"$15,829,688",85,265,29,34.60465116,7.023255814,14,0.046511628,0.162790698,5,6.23255814,1.488372093,6.720930233,8.209302326,3.744186047,0.906976744,1.744186047,2.348837209,2.604651163,4.162790698,19.09302326
Gordon Hayward,Utah Jazz,SF,"$14,746,000",80,225,24,34.90909091,6.363636364,13.93181818,1.636363636,4.318181818,4.704545455,5.75,0.5,4.204545455,4.704545455,4.136363636,1.386363636,0.386363636,2.772727273,1.954545455,-0.159090909,19.06818182
Dirk Nowitzki,Dallas Mavericks,PF,"$7,974,482",85,245,36,29.76190476,6.880952381,14.5952381,1.357142857,3.761904762,3.80952381,4.214285714,0.547619048,5.476190476,6.023809524,1.928571429,0.523809524,0.5,1.142857143,1.952380952,4.928571429,18.92857143
Kemba Walker,Charlotte Hornets,PG,"$3,272,091",73,184,24,35.5952381,6.619047619,16.57142857,1.571428571,4.904761905,3.976190476,4.833333333,0.69047619,3.071428571,3.761904762,5.238095238,1.380952381,0.571428571,1.666666667,1.619047619,-2.071428571,18.78571429
Pau Gasol,Chicago Bulls,PF,"$7,128,000",85,250,34,34.8372093,7.11627907,14.74418605,0.093023256,0.23255814,3.976744186,4.837209302,2.837209302,8.930232558,11.76744186,2.651162791,0.372093023,2.11627907,2.162790698,1.790697674,1.906976744,18.30232558
Derrick Rose,Chicago Bulls,PG,"$18,862,876",75,190,26,29.88571429,6.771428571,16.22857143,1.685714286,5.4,3,3.714285714,0.685714286,2.314285714,3,5,0.685714286,0.342857143,3.114285714,1.257142857,1.285714286,18.22857143
DeMar DeRozan,Toronto Raptors,SG,"$10,100,000",79,220,25,33.08695652,6.217391304,15.52173913,0.304347826,1.260869565,5.347826087,6.695652174,0.565217391,3.347826087,3.913043478,2.52173913,1.304347826,0.130434783,2,1.739130435,4.47826087,18.08695652
Brandon Knight,Milwaukee Bucks,PG,"$3,553,917",75,189,23,32.29545455,6.318181818,14.34090909,1.909090909,4.727272727,3.386363636,3.818181818,0.522727273,3.704545455,4.227272727,5.090909091,1.545454545,0.159090909,3.25,1.886363636,-1.659090909,17.93181818
Mike Conley,Memphis Grizzlies,PG,"$8,694,216",73,175,27,32.36585366,6.268292683,13.65853659,1.682926829,3.975609756,3.463414634,4.048780488,0.463414634,2.975609756,3.43902439,5.780487805,1.170731707,0.146341463,2.341463415,2.146341463,4.975609756,17.68292683
Tobias Harris,Orlando Magic,SF,"$2,380,594",81,235,22,34.75,6.65,14.275,1.175,3,3.15,4,1.1,5.65,6.75,1.925,1,0.6,1.9,2.55,-3.825,17.625
Kevin Love,Cleveland Cavaliers,PF,"$15,719,063",73,243,26,35.34883721,5.697674419,13.1627907,1.627906977,4.76744186,4.465116279,5.441860465,2.23255814,8.093023256,10.3255814,2.23255814,0.76744186,0.511627907,1.860465116,2.139534884,2.279069767,17.48837209
Chris Paul,Los Angeles Clippers,PG,"$20,068,563",73,175,29,34.43181818,6.204545455,13.25,1.636363636,4.045454545,3.431818182,3.840909091,0.772727273,3.954545455,4.727272727,9.840909091,1.931818182,0.204545455,2.136363636,2.295454545,9.25,17.47727273
Al Jefferson,Charlotte Hornets,C,"$13,500,000",73,289,30,31.36111111,7.75,15.97222222,0,0.027777778,1.944444444,2.833333333,1.527777778,6.5,8.027777778,1.805555556,0.5,1.277777778,1.027777778,2.111111111,-4.861111111,17.44444444
Tyreke Evans,New Orleans Pelicans,SG,"$11,265,416",78,220,25,34.6744186,6.813953488,15.51162791,0.76744186,2.651162791,2.88372093,4.209302326,1.093023256,4.302325581,5.395348837,5.488372093,1.209302326,0.418604651,3,2.325581395,1.813953488,17.27906977
John Wall,Washington Wizards,PG,"$14,746,000",76,195,24,35.77777778,6.511111111,14.11111111,0.755555556,2.511111111,3.466666667,4.422222222,0.377777778,3.844444444,4.222222222,10.15555556,2.044444444,0.577777778,3.688888889,2.377777778,5.133333333,17.24444444
Jeff Teague,Atlanta Hawks,PG,"$8,000,000",74,181,26,31.46341463,5.902439024,12.48780488,1.024390244,3.073170732,4.268292683,4.926829268,0.390243902,2.268292683,2.658536585,7.463414634,1.756097561,0.43902439,2.634146341,1.926829268,7.951219512,17.09756098
Ty Lawson,Denver Nuggets,PG,"$11,595,506",61,195,27,37.23809524,5.928571429,13.45238095,1.047619048,3.047619048,4.142857143,5.785714286,0.571428571,2.69047619,3.261904762,9.952380952,1.333333333,0.095238095,2.738095238,1.785714286,0.142857143,17.04761905
Paul Millsap,Atlanta Hawks,PF,"$9,500,000",80,253,29,33.27272727,6.159090909,12.68181818,1,2.818181818,3.681818182,4.977272727,1.613636364,6.295454545,7.909090909,3.204545455,1.75,0.863636364,2.363636364,2.659090909,8.136363636,17
Jeff Green,Memphis Grizzlies,SF,"$9,200,000",81,235,28,32.56410256,6.051282051,14.07692308,1.333333333,4.461538462,3.564102564,4.153846154,0.717948718,3.512820513,4.230769231,1.615384615,0.769230769,0.41025641,1.615384615,1.923076923,-2.641025641,17
Eric Bledsoe,Phoenix Suns,PG,"$13,000,000",73,195,25,33.58695652,5.673913043,12.76086957,1.043478261,3.391304348,4.543478261,5.565217391,0.847826087,4.434782609,5.282608696,6.02173913,1.608695652,0.630434783,3.043478261,2.413043478,2,16.93478261
Tony Wroten,Philadelphia 76ers,SG,"$1,210,080",78,205,21,29.8,5.833333333,14.46666667,1.233333333,4.733333333,4,6,0.733333333,2.133333333,2.866666667,5.233333333,1.6,0.266666667,3.766666667,2.4,-7.8,16.9
Zach Randolph,Memphis Grizzlies,PF,"$16,500,000",81,260,33,32.44117647,6.647058824,13.17647059,0.058823529,0.058823529,3.382352941,4.617647059,3.852941176,8.147058824,12,1.529411765,0.911764706,0.176470588,2,2.352941176,7.5,16.73529412
Wesley Matthews,Portland Trail Blazers,SG,"$7,245,640",77,220,28,33.95555556,5.955555556,12.95555556,3.066666667,7.688888889,1.533333333,2.088888889,0.6,2.844444444,3.444444444,2.244444444,1.111111111,0.155555556,1.377777778,2.2,5.577777778,16.51111111
Goran Dragic,Phoenix Suns,SG,"$7,500,000",75,190,28,33.09090909,6.613636364,13.04545455,1.272727273,3.681818182,2,2.568181818,0.931818182,2.681818182,3.613636364,4.113636364,0.954545455,0.136363636,2.090909091,2.227272727,2.068181818,16.5
Victor Oladipo,Orlando Magic,SG,"$4,978,200",76,210,22,33.68421053,6.105263158,13.36842105,1.052631579,2.815789474,3.210526316,4.078947368,0.578947368,3.105263158,3.684210526,3.894736842,1.605263158,0.105263158,2.684210526,2.578947368,-6,16.47368421
Darren Collison,Sacramento Kings,PG,"$4,797,664",73,175,27,35.375,5.75,12.375,1.325,3.6,3.55,4.475,0.475,2.775,3.25,5.85,1.6,0.325,2.55,2.125,1.8,16.375
Dwight Howard,Houston Rockets,C,"$21,436,271",73,275,29,32.1875,6.3125,10.96875,0.03125,0.0625,3.65625,6.9375,2.8125,8.15625,10.96875,1.40625,0.65625,1.375,3.0625,3.5,5.125,16.3125
Derrick Favors,Utah Jazz,PF,"$12,950,000",73,262,23,30.525,6.425,11.75,0,0,2.9,4.275,2.725,5.85,8.575,1.375,0.675,1.55,1.425,2.525,-1.55,15.75
Jamal Crawford,Los Angeles Clippers,SG,"$5,450,000",77,200,34,25.74418605,4.953488372,12.39534884,1.906976744,5.674418605,3.744186047,4.11627907,0.186046512,1.76744186,1.953488372,2.790697674,0.88372093,0.11627907,1.534883721,1.697674419,1.046511628,15.55813953
Kawhi Leonard,San Antonio Spurs,SF,"$2,894,059",79,230,23,32,5.571428571,12.39285714,0.964285714,2.964285714,3.392857143,4.321428571,1.535714286,6.571428571,8.107142857,2.428571429,2,0.714285714,1.571428571,2.071428571,6.107142857,15.5
Joe Johnson,Brooklyn Nets,SF,"$23,180,790",79,240,33,35.38095238,5.952380952,13.92857143,1.595238095,4.404761905,2,2.476190476,0.80952381,3.785714286,4.595238095,3.738095238,0.880952381,0.19047619,1.928571429,1.69047619,-0.857142857,15.5
Chandler Parsons,Dallas Mavericks,SF,"$14,700,000",81,227,26,32.88636364,5.681818182,12.52272727,1.977272727,5.477272727,2.090909091,2.886363636,1.022727273,3.659090909,4.681818182,2.227272727,0.954545455,0.340909091,1.295454545,1.977272727,4.931818182,15.43181818
Brandon Jennings,Detroit Pistons,PG,"$8,000,000",73,169,25,28.58536585,5.317073171,13,1.853658537,5.146341463,2.926829268,3.487804878,0.512195122,2.024390244,2.536585366,6.634146341,1.073170732,0.097560976,2.195121951,1.56097561,0.780487805,15.41463415
Isaiah Thomas,Phoenix Suns,PG,"$7,238,606",69,185,25,25.57894737,4.815789474,10.86842105,1.710526316,4.184210526,4.026315789,4.605263158,0.552631579,1.763157895,2.315789474,3.684210526,1,0.078947368,2.078947368,2.315789474,2.078947368,15.36842105
Michael Carter-Williams,Philadelphia 76ers,PG,"$2,300,040",78,190,23,34.25,5.861111111,15.38888889,0.777777778,3.111111111,2.833333333,4.416666667,1.138888889,4.888888889,6.027777778,7.138888889,1.5,0.388888889,4.333333333,2.694444444,-7.777777778,15.33333333
Markieff Morris,Phoenix Suns,PF,"$2,989,239",73,245,25,30.34782609,6.239130435,12.69565217,0.804347826,2.413043478,1.97826087,2.543478261,1.282608696,4.391304348,5.673913043,2.02173913,1.326086957,0.5,1.97826087,2.869565217,5.217391304,15.26086957
Jrue Holiday,New Orleans Pelicans,PG,"$9,904,495",76,205,24,33.64864865,6.108108108,13.75675676,1.27027027,3.459459459,1.702702703,2,0.810810811,2.72972973,3.540540541,7.108108108,1.621621622,0.621621622,2.405405405,2.783783784,2.081081081,15.18918919
Al Horford,Atlanta Hawks,C,"$12,000,000",73,250,28,30.41860465,6.744186047,12.34883721,0.162790698,0.488372093,1.534883721,2.046511628,1.465116279,5.255813953,6.720930233,3.23255814,0.674418605,1.418604651,1.162790698,1.697674419,4.581395349,15.18604651
Arron Afflalo,Denver Nuggets,SG,"$7,500,000",77,215,29,33.63636364,5.477272727,12.75,1.568181818,4.613636364,2.659090909,3.136363636,0.409090909,3.204545455,3.613636364,1.840909091,0.590909091,0.068181818,1.545454545,2.113636364,0.113636364,15.18181818
J.J. Redick,Los Angeles Clippers,SG,"$6,792,500",76,190,30,29.77272727,5.090909091,10.75,2.568181818,5.772727273,2.386363636,2.772727273,0.181818182,1.545454545,1.727272727,1.590909091,0.454545455,0.068181818,1.25,1.772727273,7.454545455,15.13636364
Greg Monroe,Detroit Pistons,PF,"$5,479,934",73,250,24,29.60465116,5.790697674,11.8372093,0,0,3.534883721,4.627906977,3.465116279,6.76744186,10.23255814,2.093023256,0.813953488,0.372093023,2.139534884,1.953488372,0.395348837,15.11627907
Andrew Wiggins,Minnesota Timberwolves,SF,"$5,510,640",80,199,19,33.37209302,5.558139535,13.02325581,0.697674419,1.88372093,3.209302326,4.441860465,1.23255814,3.046511628,4.279069767,1.744186047,1.093023256,0.558139535,1.976744186,2.348837209,-6.790697674,15.02325581
Louis Williams,Toronto Raptors,SG,"$5,450,000",73,175,28,24.18181818,4.545454545,11.22727273,1.704545455,5.022727273,4.136363636,4.840909091,0.386363636,1.409090909,1.795454545,1.75,1.204545455,0.068181818,1.227272727,1.25,4.568181818,14.93181818
Tim Duncan,San Antonio Spurs,PF,"$10,361,446",73,250,38,30.31707317,5.731707317,11.75609756,0,0.048780488,3.341463415,4.585365854,2.585365854,7.390243902,9.975609756,3.146341463,0.926829268,1.951219512,2.024390244,2.243902439,2.731707317,14.80487805
Ryan Anderson,New Orleans Pelicans,PF,"$8,491,500",73,240,26,29.25581395,5.279069767,12.76744186,2.209302326,6.418604651,2,2.348837209,1.837209302,3.162790698,5,1.023255814,0.558139535,0.279069767,1.11627907,2.11627907,-0.11627907,14.76744186
Bradley Beal,Washington Wizards,SG,"$4,505,280",77,207,21,33.25,5.472222222,12.91666667,1.777777778,4.027777778,2.027777778,2.472222222,0.944444444,2.833333333,3.777777778,3.305555556,1.305555556,0.277777778,2,2.333333333,3.861111111,14.75
Brook Lopez,Brooklyn Nets,C,"$15,719,062",85,275,26,26.38235294,5.941176471,11.97058824,0.029411765,0.176470588,2.676470588,3.264705882,1.823529412,4.176470588,6,0.588235294,0.529411765,1.617647059,1.705882353,2.794117647,-3.441176471,14.58823529
George Hill,Indiana Pacers,PG,"$8,000,000",75,188,28,23.71428571,5.428571429,11.28571429,1.571428571,4.285714286,2,2.428571429,0.714285714,3,3.714285714,2.428571429,0.571428571,0.285714286,1,2,2.571428571,14.42857143
Tony Parker,San Antonio Spurs,PG,"$12,500,000",74,185,32,29.03125,5.84375,12.15625,0.71875,1.3125,2,2.53125,0.21875,1.5,1.71875,4.6875,0.625,0.03125,2.40625,1.4375,-0.9375,14.40625
Luol Deng,Miami Heat,SF,"$9,714,461",81,220,29,32.70731707,5.390243902,10.87804878,1.073170732,2.853658537,2.43902439,3.390243902,1.414634146,3.585365854,5,1.87804878,1.073170732,0.341463415,1.43902439,1.634146341,-0.536585366,14.29268293
Jared Sullinger,Boston Celtics,PF,"$1,424,520",81,260,22,28.78571429,5.761904762,12.76190476,1.047619048,3.452380952,1.714285714,2.30952381,2.69047619,5.452380952,8.142857143,2.214285714,0.714285714,0.714285714,1.285714286,2.571428571,-0.69047619,14.28571429
Serge Ibaka,Oklahoma City Thunder,PF,"$12,350,000",73,245,25,32.77272727,5.772727273,12.5,1.5,3.727272727,1.204545455,1.454545455,2,5.272727273,7.272727273,0.931818182,0.409090909,2.159090909,1.590909091,3,2.227272727,14.25
Nick Young,Los Angeles Lakers,SF,"$4,994,420",79,210,29,23.8,4.314285714,11.57142857,2.085714286,5.342857143,3.4,3.685714286,0.342857143,1.971428571,2.314285714,0.971428571,0.628571429,0.285714286,1.085714286,2,-1.657142857,14.11428571
Thaddeus Young,Minnesota Timberwolves,SF,"$9,410,869",80,221,26,32,6.052631579,13.65789474,0.394736842,1.394736842,1.578947368,2.578947368,1.5,3.236842105,4.736842105,2.842105263,1.763157895,0.421052632,1.526315789,2.342105263,-5.342105263,14.07894737
Terrence Jones,Houston Rockets,PF,"$1,618,680",81,255,23,29.25,6.25,12,0.75,1.75,0.75,1,3.25,4.25,7.5,1.5,1,1.75,2,4,14,14
Wilson Chandler,Denver Nuggets,SF,"$6,757,913",80,225,27,32.3255814,5.302325581,12.8372093,1.953488372,5.674418605,1.418604651,1.790697674,1.162790698,4.744186047,5.906976744,1.441860465,0.651162791,0.418604651,1.558139535,3.186046512,-3.76744186,13.97674419
Deron Williams,Brooklyn Nets,PG,"$19,754,465",75,200,30,31.21875,4.53125,11.4375,1.375,3.53125,3.5,4.0625,0.46875,2.5625,3.03125,6.25,1,0.28125,2.28125,2.15625,-0.53125,13.9375
Enes Kanter,Utah Jazz,C,"$5,694,674",73,245,22,27.2,5.825,11.75,0.325,0.925,1.95,2.375,2.95,4.55,7.5,0.575,0.5,0.375,1.875,2.325,-2.425,13.925
Reggie Jackson,Oklahoma City Thunder,PG,"$2,204,369",75,208,24,29.56097561,5.365853659,12.68292683,1,3.56097561,2.170731707,2.512195122,0.634146341,3.487804878,4.12195122,4.512195122,0.756097561,0.12195122,1.975609756,2.024390244,0.097560976,13.90243902
Alec Burks,Utah Jazz,PG,"$3,034,356",78,211,23,33.2962963,4.481481481,11.11111111,0.962962963,2.518518519,3.925925926,4.777777778,0.703703704,3.518518519,4.222222222,3.037037037,0.62962963,0.185185185,1.925925926,2.37037037,-4.777777778,13.85185185
Shabazz Muhammad,Minnesota Timberwolves,SF,"$1,971,960",78,227,22,23.31428571,5.228571429,10.71428571,0.542857143,1.314285714,2.742857143,3.8,1.714285714,2.285714286,4,1.228571429,0.485714286,0.2,0.885714286,1.314285714,-4.342857143,13.74285714
Gerald Green,Phoenix Suns,SG,"$3,500,000",80,210,29,21.63043478,4.847826087,11.60869565,2.195652174,5.869565217,1.652173913,1.891304348,0.630434783,2.304347826,2.934782609,1.217391304,0.739130435,0.217391304,1.565217391,2.304347826,0.195652174,13.54347826
Avery Bradley,Boston Celtics,PG,"$7,191,011",74,180,24,30.3902439,5.317073171,12.31707317,1.487804878,4.12195122,0.975609756,1.243902439,0.536585366,2.219512195,2.756097561,1.512195122,0.804878049,0.195121951,1.390243902,2.219512195,-1.243902439,13.09756098
Kyle Korver,Atlanta Hawks,SG,"$6,253,521",79,212,33,32.86363636,4.113636364,7.977272727,3.068181818,5.772727273,1.636363636,1.772727273,0.272727273,3.931818182,4.204545455,2.886363636,0.681818182,0.431818182,1.613636364,1.886363636,9.863636364,12.93181818
David West,Indiana Pacers,PF,"$12,000,000",81,250,34,29.58064516,5.612903226,11.93548387,0.129032258,0.548387097,1.483870968,1.903225806,1.741935484,5.193548387,6.935483871,3.258064516,0.903225806,0.677419355,2.064516129,2.387096774,-4.709677419,12.83870968
Paul Pierce,Washington Wizards,SF,"$5,305,000",79,235,37,26.90697674,4.279069767,9.348837209,1.534883721,3.930232558,2.744186047,3.465116279,0.76744186,3.697674419,4.465116279,2.046511628,0.651162791,0.348837209,1.255813953,2.279069767,3.488372093,12.8372093
Mo Williams,Minnesota Timberwolves,PG,"$3,750,000",73,198,32,28.28571429,4.685714286,11.54285714,1.457142857,4.228571429,1.914285714,2.257142857,0.342857143,2.028571429,2.371428571,6.514285714,0.714285714,0.257142857,2.542857143,2.428571429,-3.428571429,12.74285714
Evan Fournier,Orlando Magic,SG,"$1,483,920",79,205,22,29.61363636,4.545454545,10.54545455,1.522727273,4.068181818,2.113636364,2.977272727,0.5,2.136363636,2.636363636,2.068181818,0.681818182,0.045454545,1.477272727,2.090909091,-3.590909091,12.72727273
Jonas Valanciunas,Toronto Raptors,C,"$3,678,360",85,255,22,26.34883721,4.697674419,8.488372093,0,0,3.302325581,4.11627907,2.581395349,5.906976744,8.488372093,0.418604651,0.348837209,1.069767442,1.325581395,2.534883721,-0.930232558,12.69767442
Trey Burke,Utah Jazz,PG,"$2,548,560",73,185,22,32,4.76744186,12.74418605,1.558139535,4.674418605,1.488372093,1.837209302,0.465116279,2.069767442,2.534883721,4.906976744,0.88372093,0.209302326,1.790697674,1.674418605,-2.813953488,12.58139535
Andre Drummond,Detroit Pistons,C,"$2,568,360",73,279,21,29.15555556,5.355555556,10.75555556,0,0.022222222,1.822222222,4.266666667,4.844444444,8,12.84444444,0.555555556,1.066666667,1.688888889,1.533333333,3.355555556,-1.888888889,12.53333333
Robert Covington,Philadelphia 76ers,SF,"$1,000,000",81,215,24,27.67647059,3.911764706,9.882352941,2.235294118,5.676470588,2.470588235,2.970588235,0.852941176,3.441176471,4.294117647,1.117647059,1.264705882,0.529411765,1.647058824,2.235294118,-4.470588235,12.52941176
Nikola Pekovic,Minnesota Timberwolves,C,"$12,100,000",73,295,29,26.75,4.333333333,10.16666667,0,0,3.75,4.25,2.583333333,4.833333333,7.416666667,0.583333333,0.5,0.333333333,1.25,1.833333333,-5.083333333,12.41666667
Trevor Ariza,Houston Rockets,SF,"$8,579,089",80,215,29,35.73333333,4.222222222,11.42222222,2.266666667,7,1.666666667,1.955555556,1.088888889,4.288888889,5.377777778,2.222222222,1.977777778,0.177777778,1.533333333,2.288888889,4.466666667,12.37777778
Marreese Speights,Golden State Warriors,C,"$3,657,500",73,255,27,18.29268293,4.975609756,9.634146341,0.048780488,0.195121951,2.365853659,2.902439024,1.804878049,3.243902439,5.048780488,0.975609756,0.243902439,0.658536585,1.243902439,2.975609756,3.292682927,12.36585366
C.J. Miles,Indiana Pacers,SG,"$4,205,000",78,231,27,25.02777778,4.305555556,11.75,2,6.25,1.75,2.222222222,0.305555556,2.638888889,2.944444444,1.25,0.861111111,0.277777778,1.138888889,1.916666667,0.777777778,12.36111111
Manu Ginobili,San Antonio Spurs,SG,"$7,000,000",78,205,37,24.775,4.125,9.85,1.45,4.075,2.65,3.575,0.375,2.575,2.95,4.775,1,0.2,2.4,2.05,4.3,12.35
Jabari Parker,Milwaukee Bucks,SF,"$4,930,560",80,240,19,29.52,5.16,10.52,0.16,0.64,1.84,2.64,2,3.52,5.52,1.68,1.24,0.2,1.88,1.68,-4.56,12.32
Jordan Hill,Los Angeles Lakers,C,"$9,000,000",73,235,27,28.13333333,5.177777778,10.77777778,0,0.022222222,1.955555556,2.555555556,2.777777778,5.155555556,7.933333333,1.4,0.488888889,0.888888889,1.466666667,2.422222222,-7.577777778,12.31111111
Carlos Boozer,Los Angeles Lakers,PF,"$3,251,000",81,258,33,24.88636364,5.477272727,10.40909091,0,0,1.295454545,2.181818182,1.590909091,5.386363636,6.977272727,1.181818182,0.477272727,0.159090909,1.204545455,2.727272727,-4.136363636,12.25
Amar'e Stoudemire,New York Knicks,C,"$23,410,988",73,245,32,24.84375,4.90625,8.90625,0,0.09375,2.40625,3.375,2.21875,4.8125,7.03125,0.96875,0.59375,1,1.71875,3.1875,-1,12.21875
J.R. Smith,Cleveland Cavaliers,SG,"$6,515,510",78,225,29,27.88235294,4.588235294,11.26470588,1.911764706,5.147058824,1.058823529,1.470588235,0.176470588,2.529411765,2.705882353,2.970588235,0.970588235,0.147058824,1.735294118,2,-1.529411765,12.14705882
Danny Green,San Antonio Spurs,SG,"$4,025,000",78,215,27,30.88888889,4.244444444,9.888888889,2.4,5.955555556,1.244444444,1.466666667,0.755555556,3.511111111,4.266666667,2.044444444,1.333333333,1.133333333,1.288888889,2.133333333,2.822222222,12.13333333
Langston Galloway,New York Knicks,PG,"$235,762",74,200,23,28,4.5,10.5,1.5,3.875,1.625,2.125,1.125,3,4.125,3,1.125,0.125,1.25,2.75,0.25,12.125
Eric Gordon,New Orleans Pelicans,SG,"$14,898,938",76,215,26,32.91304348,4.47826087,10.34782609,1.565217391,4,1.47826087,1.869565217,0.434782609,2.347826087,2.782608696,3.347826087,0.956521739,0.217391304,1.913043478,2.739130435,2.086956522,12
Josh Smith,Houston Rockets,SF,"$2,077,000",81,225,29,28.7826087,5.086956522,12.54347826,0.369565217,1.586956522,1.434782609,3.130434783,1.739130435,4.630434783,6.369565217,3.695652174,1.173913043,1.413043478,2.630434783,2.608695652,-3.195652174,11.97826087
Marcin Gortat,Washington Wizards,C,"$10,434,782",73,240,30,29.68888889,5.177777778,9.577777778,0,0.066666667,1.6,2.333333333,2.066666667,6.133333333,8.2,1.066666667,0.533333333,1.333333333,1.333333333,2.177777778,4.2,11.95555556
Kenneth Faried,Denver Nuggets,PF,"$2,249,768",80,228,25,27.53658537,4.707317073,9.292682927,0.024390244,0.097560976,2.414634146,3.56097561,3.195121951,5.951219512,9.146341463,1.365853659,0.634146341,0.682926829,1.707317073,2.536585366,-0.512195122,11.85365854
Kentavious Caldwell-Pope,Detroit Pistons,SG,"$2,772,480",77,205,21,31.75555556,4.333333333,11.06666667,1.844444444,5.333333333,1.288888889,1.844444444,0.577777778,2.622222222,3.2,1.066666667,1.111111111,0.2,1.155555556,2.155555556,0.066666667,11.8
DeMarre Carroll,Atlanta Hawks,SF,"$2,442,455",80,212,28,31.7,4.175,8.975,1.675,4.25,1.725,2.55,1.425,3.975,5.4,1.55,1.3,0.2,0.9,2.45,3.35,11.75
Jodie Meeks,Detroit Pistons,SG,"$6,000,000",76,210,27,24.52173913,4.043478261,9.913043478,1.434782609,4.043478261,2.173913043,2.304347826,0.260869565,1.434782609,1.695652174,1.52173913,1,0.086956522,1.043478261,1.695652174,-1,11.69565217
Draymond Green,Golden State Warriors,SF,"$915,243",79,230,24,31.69047619,4.238095238,9.523809524,1.476190476,4.30952381,1.714285714,2.452380952,1.238095238,6.69047619,7.928571429,3.523809524,1.571428571,1.380952381,1.738095238,3.261904762,11.54761905,11.66666667
Ben McLemore,Sacramento Kings,SG,"$3,026,280",77,195,21,33.1627907,4.279069767,9.465116279,1.627906977,4.604651163,1.465116279,1.76744186,0.372093023,2.720930233,3.093023256,1.558139535,0.720930233,0.209302326,1.790697674,2.720930233,1.813953488,11.65116279
Jarrett Jack,Brooklyn Nets,PG,"$6,300,000",75,200,31,29.34090909,4.477272727,10.09090909,0.318181818,1.681818182,2.25,2.659090909,0.25,2.909090909,3.159090909,4.545454545,1.181818182,0.25,2.454545455,1.977272727,-5.363636364,11.52272727
Giannis Antetokounmpo,Milwaukee Bucks,SF,"$1,873,200",73,217,20,28.34090909,4.363636364,8.863636364,0.113636364,0.613636364,2.568181818,3.568181818,1.181818182,4.909090909,6.090909091,2.25,0.886363636,0.931818182,2.045454545,2.727272727,-1.227272727,11.40909091
Patrick Beverley,Houston Rockets,PG,"$915,243",73,210,26,31.12121212,4.060606061,10.12121212,2.393939394,6.090909091,0.878787879,1.242424242,1.484848485,3.121212121,4.606060606,3.242424242,1.242424242,0.424242424,1.393939394,3.545454545,2.303030303,11.39393939
Tim Hardaway Jr.,New York Knicks,SG,"$1,250,640",78,210,22,23.22727273,3.977272727,10.13636364,1.590909091,4.863636364,1.818181818,2.204545455,0.227272727,1.795454545,2.022727273,1.75,0.25,0.227272727,0.977272727,1.795454545,-3.590909091,11.36363636
Taj Gibson,Chicago Bulls,PF,"$8,000,000",81,225,29,28.81081081,4.486486486,9.027027027,0,0,2.351351351,3.432432432,3.027027027,4.027027027,7.054054054,1.378378378,0.540540541,1.405405405,1.324324324,2.810810811,1.783783784,11.32432432
O.J. Mayo,Milwaukee Bucks,SG,"$8,000,000",77,210,27,24.34090909,4.159090909,9.75,1.363636364,3.840909091,1.636363636,1.977272727,0.386363636,2.090909091,2.477272727,2.931818182,0.704545455,0.295454545,1.840909091,2.545454545,-0.227272727,11.31818182
Rodney Stuckey,Indiana Pacers,PG,"$915,243",77,205,28,26.05263158,4.157894737,9.842105263,0.473684211,1.368421053,2.526315789,3.131578947,0.526315789,3.105263158,3.631578947,3,0.894736842,0.131578947,1.736842105,2.157894737,-3.289473684,11.31578947
Courtney Lee,Memphis Grizzlies,SG,"$5,450,000",77,200,29,32,4.175,8.675,1.4,3.025,1.525,1.8,0.325,2.125,2.45,2.25,1.05,0.175,1.2,1.6,4.7,11.275
Aaron Brooks,Chicago Bulls,PG,"$915,243",73,161,30,20.15217391,3.891304348,8.608695652,1.47826087,3.304347826,1.847826087,2.130434783,0.347826087,1.47826087,1.826086957,2.913043478,0.586956522,0.195652174,1.891304348,2.369565217,2.456521739,11.10869565
Kelly Olynyk,Boston Celtics,C,"$2,075,760",85,238,23,24.475,4.35,8.6,0.9,2.55,1.5,2.2,1.55,3.85,5.4,1.725,1,0.725,1.75,3.625,2.075,11.1
Roy Hibbert,Indiana Pacers,C,"$14,898,938",86,290,28,25.0952381,4.333333333,9.666666667,0,0.023809524,2.404761905,2.928571429,1.80952381,5.095238095,6.904761905,1.261904762,0.142857143,1.857142857,1.619047619,3,-3.547619048,11.07142857
Nene Hilario,Washington Wizards,PF,"$13,000,000",73,250,32,24.41025641,4.615384615,8.794871795,0.025641026,0.128205128,1.692307692,2.769230769,1.076923077,4,5.076923077,1.948717949,1.128205128,0.358974359,1.538461538,2.615384615,5.128205128,10.94871795
Corey Brewer,Houston Rockets,SG,"$4,702,500",81,186,28,26.46511628,4.023255814,9.465116279,0.906976744,3.023255814,1.976744186,2.674418605,0.976744186,2.23255814,3.209302326,2.697674419,1.837209302,0.23255814,1.651162791,2.23255814,-3.069767442,10.93023256
Donatas Motiejunas,Houston Rockets,PF,"$1,483,920",85,255,24,27.88888889,4.488888889,8.844444444,0.444444444,1.444444444,1.444444444,2.244444444,1.955555556,4.133333333,6.088888889,1.688888889,0.733333333,0.466666667,1.733333333,2.888888889,3.8,10.86666667
Dion Waiters,Oklahoma City Thunder,SG,"$4,062,000",76,225,23,24.83333333,4.285714286,10.71428571,0.714285714,2.785714286,1.428571429,1.833333333,0.404761905,1.404761905,1.80952381,2.047619048,1.404761905,0.357142857,1.428571429,1.738095238,-1.595238095,10.71428571
Mario Chalmers,Miami Heat,PG,"$4,000,000",74,190,28,30.81818182,3.477272727,8.659090909,0.818181818,3,2.931818182,3.681818182,0.363636364,2.318181818,2.681818182,4.159090909,1.568181818,0.113636364,2.295454545,3.159090909,-2.909090909,10.70454545
Terrence Ross,Toronto Raptors,SF,"$2,793,960",79,195,23,26.86363636,4.068181818,9.886363636,1.818181818,4.931818182,0.75,0.886363636,0.454545455,2.772727273,3.227272727,0.863636364,0.613636364,0.363636364,0.909090909,1.772727273,1.113636364,10.70454545
C.J. Watson,Indiana Pacers,PG,"$2,077,000",74,175,30,27.25,3.392857143,7.678571429,1.142857143,2.892857143,2.642857143,3.214285714,0.285714286,2.428571429,2.714285714,3.714285714,1,0.178571429,2.107142857,2.25,-0.25,10.57142857
Jeremy Lin,Los Angeles Lakers,PG,"$8,374,646",75,200,26,25.90909091,3.613636364,8.159090909,0.931818182,2.568181818,2.409090909,3.159090909,0.318181818,2.25,2.568181818,4.522727273,1.113636364,0.386363636,2.318181818,2.75,-4.613636364,10.56818182
Tyson Chandler,Dallas Mavericks,C,"$14,846,888",85,240,32,31.13953488,3.953488372,5.906976744,0,0,2.627906977,3.534883721,4.023255814,8.023255814,12.04651163,1.255813953,0.534883721,1.441860465,1.302325581,2.209302326,5.418604651,10.53488372
Khris Middleton,Milwaukee Bucks,SG,"$915,243",79,225,23,25.41463415,3.951219512,8.56097561,1.243902439,2.902439024,1.268292683,1.536585366,0.585365854,3.487804878,4.073170732,1.682926829,1.487804878,0.170731707,1.146341463,2.219512195,5,10.41463415
Mason Plumlee,Brooklyn Nets,C,"$1,357,080",73,235,24,22.68181818,4.090909091,6.886363636,0,0.068181818,2.227272727,4.522727273,2.340909091,4.386363636,6.727272727,0.909090909,0.818181818,0.977272727,1.409090909,2.590909091,-1.272727273,10.40909091
Harrison Barnes,Golden State Warriors,SF,"$3,049,920",80,225,22,29.47619048,3.857142857,7.785714286,1.119047619,2.619047619,1.523809524,2.047619048,1.642857143,4.380952381,6.023809524,1.428571429,0.619047619,0.214285714,0.785714286,1.666666667,8.523809524,10.35714286
Gerald Henderson,Charlotte Hornets,SF,"$6,000,000",77,215,27,26.39534884,4.046511628,9.139534884,0.418604651,1.465116279,1.790697674,2.069767442,0.488372093,2.372093023,2.860465116,2.23255814,0.465116279,0.279069767,1.255813953,1.697674419,-0.88372093,10.30232558
DeAndre Jordan,Los Angeles Clippers,C,"$11,440,123",73,265,26,33.38636364,4.386363636,5.977272727,0,0.045454545,1.477272727,3.636363636,4.295454545,9.090909091,13.38636364,0.590909091,0.954545455,2.386363636,1.227272727,2.954545455,7.954545455,10.25
Patty Mills,San Antonio Spurs,PG,"$3,842,105",73,185,26,20.46666667,3.6,8.6,1.733333333,4.4,1.2,1.333333333,0.8,1.4,2.2,1.533333333,0.4,0.066666667,0.8,1.733333333,5.6,10.13333333
Gorgui Dieng,Minnesota Timberwolves,C,"$1,413,480",73,233,25,29.69767442,3.604651163,7.209302326,0.023255814,0.069767442,2.697674419,3.372093023,3.418604651,4.930232558,8.348837209,2.255813953,0.953488372,1.720930233,1.674418605,2.488372093,-6.348837209,9.930232558
Michael Kidd-Gilchrist,Charlotte Hornets,SF,"$5,016,960",79,232,21,26.38709677,3.548387097,8.129032258,0,0,2.806451613,4.161290323,1.870967742,5.290322581,7.161290323,1.483870968,0.516129032,0.612903226,1.193548387,2.064516129,0.774193548,9.903225806
Donald Sloan,Indiana Pacers,PG,"$948,163",75,205,27,25.68421053,3.631578947,8.789473684,1.026315789,3.184210526,1.552631579,1.973684211,0.315789474,3.210526316,3.526315789,4.473684211,0.552631579,0,1.5,1.131578947,-1.342105263,9.842105263
Anderson Varejao,Cleveland Cavaliers,C,"$9,704,545",73,267,32,24.5,4.269230769,7.692307692,0,0.076923077,1.269230769,1.730769231,2.192307692,4.346153846,6.538461538,1.346153846,0.730769231,0.615384615,1.346153846,2.230769231,0.192307692,9.807692308
Lance Stephenson,Charlotte Hornets,SG,"$9,000,000",77,230,24,30.96774194,4.096774194,10.64516129,0.290322581,1.903225806,1.322580645,2.193548387,0.903225806,5.225806452,6.129032258,4.838709677,0.677419355,0.129032258,2.290322581,2.419354839,-4.225806452,9.806451613
Marcus Morris,Phoenix Suns,PF,"$2,943,221",81,235,25,22.97826087,3.891304348,8.434782609,1.369565217,3.456521739,0.652173913,1.02173913,0.891304348,2.869565217,3.760869565,1.434782609,0.586956522,0.239130435,0.869565217,2.391304348,0.239130435,9.804347826
Gary Neal,Charlotte Hornets,SG,"$3,250,000",76,210,30,22.08108108,3.351351351,9.405405405,0.864864865,3.135135135,2.216216216,2.594594595,0.351351351,1.972972973,2.324324324,1.891891892,0.378378378,0.027027027,1.162162162,1.648648649,-2.243243243,9.783783784
Amir Johnson,Toronto Raptors,PF,"$7,000,000",81,240,27,26.58536585,4.219512195,7.341463415,0.219512195,0.512195122,1.097560976,1.756097561,2.341463415,3.487804878,5.829268293,1.414634146,0.512195122,0.926829268,1.487804878,3.268292683,1.243902439,9.756097561
Marco Belinelli,San Antonio Spurs,SF,"$2,873,750",77,210,28,23.79310345,3.448275862,8.103448276,1.24137931,3.379310345,1.586206897,2,0.551724138,2.24137931,2.793103448,1.586206897,0.482758621,0.034482759,1.034482759,1.344827586,-1.034482759,9.724137931
Solomon Hill,Indiana Pacers,SF,"$1,302,840",79,225,23,31.5,3.282608696,8.652173913,0.804347826,2.804347826,2.347826087,2.934782609,1.086956522,3.239130435,4.326086957,2.282608696,1,0.260869565,1.695652174,2.217391304,-4.717391304,9.717391304
Matt Barnes,Los Angeles Clippers,SF,"$3,396,250",79,226,34,28.52380952,3.452380952,7.333333333,1.666666667,4.285714286,1.071428571,1.333333333,0.5,3.071428571,3.571428571,1.333333333,0.761904762,0.619047619,1.047619048,2.952380952,8.428571429,9.642857143
Tristan Thompson,Cleveland Cavaliers,C,"$5,138,430",81,238,23,28.75555556,3.755555556,7,0,0,2.066666667,3.311111111,3.777777778,4.422222222,8.2,0.533333333,0.444444444,0.911111111,1,2.644444444,2.688888889,9.577777778
Mike Dunleavy,Chicago Bulls,SF,"$3,326,235",81,230,34,29.45454545,3.333333333,7.454545455,1.818181818,4.363636364,1.090909091,1.424242424,0.303030303,3.454545455,3.757575758,1.696969697,0.454545455,0.424242424,0.787878788,1.787878788,2.96969697,9.575757576
Robin Lopez,Portland Trail Blazers,C,"$6,124,729",85,255,26,27.72,4.04,8,0,0,1.48,1.84,3.32,3.92,7.24,1.2,0.44,1.48,1.44,2.48,4.24,9.56
Ersan Ilyasova,Milwaukee Bucks,PF,"$7,900,000",73,235,27,18.48,3.84,8.04,0.8,2.56,1.04,1.72,1.12,2.8,3.92,0.8,0.56,0.32,0.88,2.28,0.72,9.52
Chris Kaman,Portland Trail Blazers,C,"$4,800,000",85,265,32,20.45454545,4.136363636,8.5,0,0,1.227272727,1.772727273,2.022727273,4.772727273,6.795454545,0.977272727,0.25,0.931818182,1.659090909,2.25,0.068181818,9.5
Greivis Vasquez,Toronto Raptors,PG,"$6,400,000",78,200,28,22.38636364,3.704545455,9.340909091,1.340909091,4.113636364,0.75,1.068181818,0.227272727,2.25,2.477272727,3.704545455,0.568181818,0.136363636,1.431818182,2.045454545,2.068181818,9.5
Ricky Rubio,Minnesota Timberwolves,PG,"$4,660,479",76,192,24,28.8,4,9.4,0.2,0.8,1.2,2,1.2,4.4,5.6,10,1.2,0,3,3.8,5.8,9.4
Rasual Butler,Washington Wizards,SF,"$915,243",79,215,35,22.51219512,3.536585366,7.585365854,1.536585366,3.390243902,0.780487805,1,0.463414634,2.43902439,2.902439024,0.902439024,0.414634146,0.365853659,0.756097561,1.414634146,0.56097561,9.390243902
Brandon Bass,Boston Celtics,PF,"$6,900,000",80,250,29,19.69047619,3.619047619,7.595238095,0.047619048,0.238095238,2.095238095,2.69047619,1.19047619,2.738095238,3.928571429,1.166666667,0.523809524,0.428571429,0.880952381,1.666666667,-1.166666667,9.380952381
Anthony Morrow,Oklahoma City Thunder,SG,"$3,200,000",77,210,29,24.43243243,3.405405405,8,1.513513514,4.054054054,1.054054054,1.243243243,0.621621622,2.027027027,2.648648649,0.918918919,0.756756757,0.081081081,0.459459459,1.756756757,2.162162162,9.378378378
Rajon Rondo,Dallas Mavericks,PG,"$12,909,090",73,186,28,31.35897436,4.205128205,10.23076923,0.512820513,1.538461538,0.435897436,1.41025641,1.282051282,5.230769231,6.512820513,9.205128205,1.641025641,0.128205128,3.179487179,2.487179487,1.58974359,9.358974359
Tyler Zeller,Boston Celtics,C,"$1,703,760",85,253,25,19.73809524,3.69047619,6.547619048,0,0,1.952380952,2.30952381,1.571428571,3.666666667,5.238095238,1.380952381,0.285714286,0.69047619,0.904761905,2.5,-2.928571429,9.333333333
Luc Richard Mbah a Moute,Philadelphia 76ers,PF,"$4,382,576",80,230,28,28.08108108,3.621621622,8.72972973,0.702702703,2.621621622,1.351351351,2.135135135,1.27027027,3.432432432,4.702702703,1.216216216,1.378378378,0.324324324,1.594594595,1.648648649,-8.189189189,9.297297297
Cory Joseph,San Antonio Spurs,PG,"$2,023,261",75,190,23,24.29545455,3.659090909,7.113636364,0.272727273,0.818181818,1.681818182,2.318181818,0.795454545,2.204545455,3,2.977272727,0.704545455,0.295454545,1.022727273,1.704545455,2.681818182,9.272727273
Henry Sims,Philadelphia 76ers,C,"$915,243",73,248,24,21.54545455,3.772727273,7.681818182,0.090909091,0.409090909,1.613636364,2.022727273,1.772727273,3.840909091,5.613636364,1.113636364,0.568181818,0.318181818,1.409090909,1.818181818,-5.068181818,9.25
Wesley Johnson,Los Angeles Lakers,SF,"$915,243",79,215,27,29.19047619,3.404761905,8.238095238,1.285714286,3.547619048,1.142857143,1.404761905,0.666666667,2.976190476,3.642857143,1.785714286,0.785714286,0.714285714,0.761904762,2.047619048,-5.69047619,9.238095238
David Lee,Golden State Warriors,PF,"$15,012,000",81,245,31,19.27777778,3.833333333,7.777777778,0,0.055555556,1.555555556,2.222222222,1.666666667,4.666666667,6.333333333,1.833333333,0.777777778,0.777777778,1.333333333,1.666666667,4.777777778,9.222222222
Evan Turner,Boston Celtics,SG,"$3,278,000",79,220,26,25.28571429,3.738095238,8.30952381,0.5,1.404761905,1.238095238,1.666666667,0.547619048,3.952380952,4.5,4.428571429,0.904761905,0.30952381,2.380952381,2.19047619,-2.666666667,9.214285714
Jose Calderon,New York Knicks,PG,"$7,097,191",75,200,33,30.4516129,3.451612903,8.64516129,1.516129032,3.709677419,0.741935484,0.741935484,0.580645161,2.709677419,3.290322581,4.419354839,0.64516129,0,1.709677419,1.774193548,-8.806451613,9.161290323
Nicolas Batum,Portland Trail Blazers,SF,"$11,765,500",80,200,26,33.36842105,3.421052632,8.842105263,1.236842105,4.473684211,1.052631579,1.315789474,0.684210526,4.552631579,5.236842105,4.605263158,1.131578947,0.684210526,1.763157895,1.5,3.552631579,9.131578947
Luis Scola,Indiana Pacers,PF,"$4,868,499",81,240,34,20.58695652,3.652173913,7.97826087,0.065217391,0.260869565,1.739130435,2.630434783,1.652173913,4.695652174,6.347826087,1.47826087,0.608695652,0.239130435,1.326086957,2.434782609,0.543478261,9.108695652
K.J. McDaniels,Philadelphia 76ers,SG,"$507,336",78,205,21,26.11627907,3.209302326,8.23255814,0.906976744,3.023255814,1.744186047,2.372093023,1.279069767,2.488372093,3.76744186,1.441860465,0.88372093,1.395348837,1.906976744,2.488372093,-5.279069767,9.069767442
Iman Shumpert,Cleveland Cavaliers,SG,"$2,616,975",77,220,24,24.88461538,3.538461538,8.461538462,1,2.692307692,0.961538462,1.423076923,0.846153846,2.384615385,3.230769231,3.076923077,1.192307692,0.115384615,1.692307692,2.615384615,-2.923076923,9.038461538
D.J. Augustin,Detroit Pistons,PG,"$3,000,000",73,183,27,21.8,3,7.555555556,0.777777778,2.555555556,2.244444444,2.688888889,0.244444444,1.511111111,1.755555556,4.244444444,0.555555556,0.044444444,1.822222222,1.111111111,-2.444444444,9.022222222
Timofey Mozgov,Cleveland Cavaliers,C,"$4,650,000",85,250,28,26.02272727,3.454545455,6.704545455,0.045454545,0.136363636,1.840909091,2.522727273,2.772727273,5.25,8.022727273,0.431818182,0.409090909,1.181818182,1.340909091,3.181818182,-0.272727273,8.795454545
Boris Diaw,San Antonio Spurs,C,"$7,500,000",80,250,32,25.66666667,3.422222222,7.577777778,0.688888889,2.2,1.022222222,1.4,0.933333333,3.466666667,4.4,3.2,0.488888889,0.355555556,1.644444444,1.955555556,3,8.555555556
J.J. Hickson,Denver Nuggets,PF,"$5,381,750",81,242,26,20.41666667,3.305555556,6.638888889,0,0.027777778,1.888888889,3.055555556,2,4.694444444,6.694444444,0.972222222,0.444444444,0.611111111,1.5,2.222222222,-2.083333333,8.5
Devin Harris,Dallas Mavericks,PG,"$3,878,896",75,192,31,22.39534884,2.813953488,6.790697674,1.279069767,3.581395349,1.581395349,2,0.11627907,1.651162791,1.76744186,3.325581395,1.023255814,0.209302326,0.976744186,1.76744186,1.348837209,8.488372093
Mirza Teletovic,Brooklyn Nets,PF,"$3,368,100",81,242,29,22.35,3.05,7.975,1.55,4.825,0.825,1.15,0.675,4.175,4.85,1.15,0.35,0.4,1.325,1.85,-0.25,8.475
Kris Humphries,Washington Wizards,PF,"$4,250,000",81,235,29,21.47727273,3.5,7.386363636,0,0.090909091,1.295454545,1.75,1.795454545,4.681818182,6.477272727,0.886363636,0.545454545,0.477272727,0.795454545,2.159090909,-1.022727273,8.295454545
Carl Landry,Sacramento Kings,PF,"$6,500,000",81,248,31,18.76315789,3.210526316,6,0,0,1.789473684,2.105263158,1.736842105,2.684210526,4.421052632,0.473684211,0.210526316,0.289473684,0.973684211,2.263157895,-2.631578947,8.210526316
Patrick Patterson,Toronto Raptors,PF,"$5,831,326",81,235,25,26.18181818,2.977272727,6.386363636,1.409090909,3.409090909,0.840909091,1.068181818,1.704545455,3.795454545,5.5,1.863636364,0.568181818,0.454545455,0.613636364,1.818181818,4.795454545,8.204545455
Nerlens Noel,Philadelphia 76ers,C,"$3,315,120",73,228,20,30.1,3.475,7.975,0,0,1.225,2.325,2.225,5.1,7.325,1.525,1.55,1.55,1.975,2.65,-8.5,8.175
Dennis Schroder,Atlanta Hawks,PG,"$1,690,680",73,168,21,17.62790698,3.139534884,7.11627907,0.348837209,1.395348837,1.511627907,1.953488372,0.255813953,1.720930233,1.976744186,3.348837209,0.813953488,0.023255814,1.720930233,1.488372093,0.162790698,8.139534884
Channing Frye,Orlando Magic,PF,"$8,579,088",73,255,31,30,2.826086957,7.152173913,2.043478261,5.130434783,0.391304348,0.456521739,0.326086957,4.391304348,4.717391304,1.5,0.782608696,0.586956522,1.173913043,2.934782609,-3.717391304,8.086956522
Tony Allen,Memphis Grizzlies,SF,"$4,831,461",76,213,33,25.27027027,3.27027027,6.864864865,0.135135135,0.486486486,1.351351351,1.864864865,1.432432432,2.297297297,3.72972973,1.486486486,2,0.540540541,1.324324324,3.081081081,4.054054054,8.027027027
Jameer Nelson,Denver Nuggets,PG,"$2,732,000",73,190,32,24.42857143,2.971428571,7.857142857,1.6,4.571428571,0.457142857,0.628571429,0.514285714,2.057142857,2.571428571,4.6,0.714285714,0.057142857,1.857142857,2.314285714,0.742857143,8
Zaza Pachulia,Milwaukee Bucks,C,"$5,200,000",73,270,30,23.26829268,3.146341463,7,0,0.048780488,1.682926829,2.170731707,2.463414634,4.146341463,6.609756098,2.365853659,0.902439024,0.341463415,1.87804878,2.390243902,3.390243902,7.975609756
Zach LaVine,Minnesota Timberwolves,PG,"$2,055,840",77,183,19,22.85,3.075,7.55,0.4,1.55,1.4,1.725,0.175,1.925,2.1,3.45,0.8,0.15,2.25,2.05,-8.15,7.95
Ed Davis,Los Angeles Lakers,PF,"$981,084",73,240,25,24.24444444,3.266666667,5.577777778,0,0,1.288888889,2.511111111,2.866666667,4.244444444,7.111111111,0.977777778,0.555555556,1.177777778,0.688888889,2.555555556,-3.777777778,7.822222222
Marcus Thornton,Boston Celtics,SG,"$8,575,000",76,205,27,15.56666667,2.933333333,7.166666667,1,2.566666667,0.933333333,1.166666667,0.366666667,1.066666667,1.433333333,0.9,0.366666667,0.166666667,0.566666667,0.7,-0.1,7.8
Jeremy Lamb,Oklahoma City Thunder,SG,"$2,202,000",77,185,22,17.12903226,2.677419355,6.451612903,1,2.838709677,1.419354839,1.580645161,0.225806452,2.612903226,2.838709677,1.290322581,0.64516129,0.161290323,0.709677419,1.516129032,-0.709677419,7.774193548
Jason Terry,Houston Rockets,SG,"$5,850,313",74,185,37,22.14285714,2.714285714,6.357142857,1.785714286,4.523809524,0.547619048,0.714285714,0.166666667,1.261904762,1.428571429,2.047619048,0.928571429,0.19047619,1.19047619,1.428571429,1.357142857,7.761904762
Nikola Mirotic,Chicago Bulls,PF,"$5,305,000",73,220,23,17.7173913,2.282608696,5.608695652,1.02173913,2.869565217,2.152173913,2.760869565,0.608695652,3.956521739,4.565217391,1.086956522,0.565217391,0.652173913,0.739130435,2.173913043,1.413043478,7.739130435
Hassan Whiteside,Miami Heat,C,"$769,881",85,265,25,16,3.333333333,4.944444444,0,0,1.055555556,2.111111111,1.666666667,4.555555556,6.222222222,0.111111111,0.444444444,2.555555556,0.833333333,2.222222222,-0.166666667,7.722222222
James Johnson,Toronto Raptors,PF,"$2,500,000",81,250,27,20.375,3.35,5.6,0.15,0.775,0.85,1.275,0.95,3.125,4.075,1.5,0.65,1.125,1.1,2.275,3.325,7.7
Wayne Ellington,Los Angeles Lakers,SG,"$915,243",76,200,27,20.02777778,3,6.666666667,1.055555556,2.583333333,0.638888889,0.833333333,0.361111111,2.555555556,2.916666667,1.222222222,0.388888889,0.055555556,0.416666667,0.916666667,-1.055555556,7.694444444
Beno Udrih,Memphis Grizzlies,PG,"$2,077,000",75,205,32,18.46341463,3.097560976,6.170731707,0.292682927,1.341463415,1.195121951,1.390243902,0.170731707,1.585365854,1.756097561,3.12195122,0.56097561,0.097560976,1.073170732,1.341463415,0.56097561,7.682926829
Elfrid Payton,Orlando Magic,PG,"$2,397,840",76,185,20,27.31914894,3.212765957,7.680851064,0.085106383,0.425531915,1.170212766,2.212765957,1.085106383,2.531914894,3.617021277,5.744680851,1.489361702,0.191489362,2.404255319,2.425531915,-2.14893617,7.680851064
P.J. Tucker,Phoenix Suns,SF,"$5,700,000",78,224,29,27.9047619,2.785714286,6.19047619,1.071428571,3,1.023809524,1.333333333,1.047619048,4.714285714,5.761904762,1.595238095,1.238095238,0.333333333,0.928571429,2.261904762,1.166666667,7.666666667
Alexey Shved,Houston Rockets,PG,"$3,282,056",78,187,26,13.26923077,2.307692308,5.923076923,0.807692308,2.653846154,2.192307692,2.615384615,0.346153846,0.653846154,1,1.884615385,0.576923077,0.038461538,0.884615385,0.884615385,-3.730769231,7.615384615
Cody Zeller,Charlotte Hornets,PF,"$4,030,560",85,240,22,23.86363636,2.704545455,6,0,0,2.181818182,2.909090909,1.613636364,3.909090909,5.522727273,1.454545455,0.568181818,0.75,1.045454545,2.545454545,-0.613636364,7.590909091
Danilo Gallinari,Denver Nuggets,SF,"$10,854,850",73,225,26,18.53846154,2.153846154,6.230769231,1.076923077,3.5,2.192307692,2.461538462,0.423076923,2.384615385,2.807692308,1.076923077,0.461538462,0.230769231,0.615384615,1.115384615,0.153846154,7.576923077
Jerryd Bayless,Milwaukee Bucks,PG,"$3,000,000",75,200,26,21.1627907,2.651162791,6.023255814,0.465116279,1.465116279,1.720930233,1.790697674,0.23255814,1.860465116,2.093023256,2.953488372,0.76744186,0.23255814,1.558139535,2.046511628,2.837209302,7.488372093
Joakim Noah,Chicago Bulls,C,"$12,700,000",73,232,29,29.94285714,3,6.828571429,0,0.028571429,1.485714286,2.457142857,3.2,5.971428571,9.171428571,3.514285714,0.685714286,1.514285714,1.857142857,3.085714286,0.628571429,7.485714286
Hollis Thompson,Philadelphia 76ers,SG,"$816,482",80,206,23,25.75757576,2.636363636,6.878787879,1.272727273,3.818181818,0.939393939,1.545454545,0.666666667,2.424242424,3.090909091,1.151515152,0.939393939,0.393939394,0.818181818,2.272727273,-7.484848485,7.484848485
Chris Copeland,Indiana Pacers,SF,"$3,135,000",80,235,30,19.55,2.7,7.425,1.25,3.925,0.825,1.125,0.575,2.05,2.625,1.175,0.275,0.2,1.425,1.8,-0.175,7.475
Mike Scott,Atlanta Hawks,PF,"$3,333,333",80,237,26,14.86046512,2.744186047,6.209302326,0.906976744,2.441860465,1.023255814,1.23255814,0.581395349,1.930232558,2.511627907,0.906976744,0.255813953,0.023255814,0.674418605,1.279069767,-0.186046512,7.418604651
Darrell Arthur,Denver Nuggets,PF,"$3,457,149",81,235,26,17.88888889,2.944444444,6.944444444,0.722222222,2.694444444,0.805555556,0.972222222,1.027777778,2.305555556,3.333333333,1.111111111,0.944444444,0.388888889,1.083333333,2.583333333,-0.027777778,7.416666667
Bojan Bogdanovic,Brooklyn Nets,SG,"$3,278,000",80,216,25,22.62790698,2.720930233,6.604651163,0.88372093,2.953488372,1.069767442,1.23255814,0.604651163,1.906976744,2.511627907,0.744186047,0.465116279,0.11627907,0.88372093,1.418604651,-2.674418605,7.395348837
Jason Smith,New York Knicks,PF,"$3,278,000",85,245,28,19.46666667,3,6.955555556,0.066666667,0.133333333,1.311111111,1.577777778,1.177777778,2.044444444,3.222222222,1.244444444,0.333333333,0.4,1.044444444,2.533333333,-5.777777778,7.377777778
Steven Adams,Oklahoma City Thunder,C,"$2,184,960",85,255,21,24.48837209,2.976744186,5.581395349,0,0.023255814,1.395348837,2.651162791,2.604651163,4.651162791,7.255813953,0.906976744,0.465116279,1.139534884,1.465116279,3,1.162790698,7.348837209
Jared Dudley,Milwaukee Bucks,SG,"$4,250,000",79,225,29,22.45454545,2.818181818,5.772727273,1.022727273,2.522727273,0.681818182,0.863636364,0.613636364,2.386363636,3,1.590909091,0.909090909,0.136363636,0.590909091,1.5,3.454545455,7.340909091
Tiago Splitter,San Antonio Spurs,C,"$9,250,000",73,245,30,19.75,2.875,5.5,0,0,1.583333333,2.25,1.666666667,3.125,4.791666667,1.791666667,0.583333333,0.791666667,1.041666667,2.125,1.583333333,7.333333333
Kyle Singler,Detroit Pistons,SF,"$1,090,000",80,228,26,22.97777778,2.644444444,6.4,1.488888889,3.511111111,0.555555556,0.711111111,0.466666667,2.066666667,2.533333333,1.088888889,0.622222222,0.244444444,0.733333333,1.911111111,-2.133333333,7.333333333
Omri Casspi,Sacramento Kings,SF,"$915,243",81,225,26,16.93333333,2.533333333,4.833333333,0.1,0.566666667,2.1,2.733333333,0.733333333,2.533333333,3.266666667,1.3,0.266666667,0.2,0.966666667,1.366666667,-3.433333333,7.266666667
Larry Sanders,Milwaukee Bucks,C,"$11,000,000",73,230,26,21.7037037,3.185185185,6.37037037,0,0,0.888888889,1.777777778,2.481481481,3.666666667,6.148148148,0.851851852,0.962962963,1.444444444,1.037037037,3.851851852,-3.333333333,7.259259259
Brandan Wright,Phoenix Suns,PF,"$5,000,000",73,210,27,17.02439024,3.073170732,4.365853659,0,0.024390244,1,1.414634146,1.536585366,1.951219512,3.487804878,0.463414634,0.536585366,1.292682927,0.487804878,1.341463415,1.292682927,7.146341463
J.J. Barea,Dallas Mavericks,PG,"$909,859",73,185,30,15.95454545,2.704545455,6.318181818,0.681818182,1.954545455,1,1.25,0.272727273,1.454545455,1.727272727,3.204545455,0.545454545,0,0.772727273,1.454545455,2.568181818,7.090909091
Trevor Booker,Utah Jazz,PF,"$5,000,000",80,230,27,19.19047619,2.80952381,5.642857143,0.357142857,1.047619048,1.095238095,1.761904762,1.523809524,3.095238095,4.619047619,0.976190476,0.547619048,0.404761905,1.214285714,1.738095238,-0.214285714,7.071428571
Kevin Seraphin,Washington Wizards,C,"$3,898,692",73,278,25,15.68181818,3.136363636,5.75,0,0,0.795454545,1.113636364,1.181818182,2.363636364,3.545454545,0.772727273,0.068181818,0.659090909,1.272727273,2.522727273,-1.954545455,7.068181818
Kevin Garnett,Brooklyn Nets,PF,"$12,000,000",73,253,38,21.28571429,3.057142857,6.714285714,0.028571429,0.171428571,0.914285714,1.057142857,1.142857143,5.971428571,7.114285714,1.8,0.971428571,0.2,1.057142857,2.285714286,-0.6,7.057142857
Shawne Williams,Miami Heat,SF,"$1,227,985",73,230,28,21.58536585,2.463414634,5.634146341,1.43902439,3.536585366,0.682926829,0.804878049,0.658536585,2.682926829,3.341463415,0.853658537,0.512195122,0.414634146,0.536585366,2.609756098,-1.707317073,7.048780488
Quincy Miller,Sacramento Kings,PF,"$915,243",81,210,22,20,1.5,5.5,0.5,2,3.5,4.5,1,3,4,1,1,1,1.5,1,4,7
James Michael McAdoo,Golden State Warriors,SF,,81,230,22,9.5,2.5,3.5,0,0,2,3.5,1,1.5,2.5,0,0.5,0.5,0,1.5,3,7
Luigi Datome,Detroit Pistons,SF,"$1,750,000",80,215,27,12,3,8,1,3,0,0,0,1,1,1,1,0,1,1,6,7
Omer Asik,New Orleans Pelicans,C,"$8,374,646",85,255,28,25.26829268,2.634146341,5.12195122,0,0,1.707317073,2.902439024,3.268292683,6.56097561,9.829268293,0.87804878,0.317073171,0.707317073,1.195121951,2.073170732,-0.829268293,6.975609756
Kirk Hinrich,Chicago Bulls,SG,"$2,732,000",76,190,34,27.35897436,2.512820513,6.666666667,1.076923077,3,0.846153846,1.153846154,0.307692308,1.58974359,1.897435897,2.641025641,0.871794872,0.205128205,1.282051282,2.435897436,2.205128205,6.948717949
Kyle O'Quinn,Orlando Magic,PF,"$915,243",73,250,24,18.0625,2.78125,5.53125,0.3125,0.90625,1.0625,1.25,0.78125,3.3125,4.09375,1.28125,0.59375,1.03125,1.125,2.375,-2.21875,6.9375
Andre Iguodala,Golden State Warriors,SG,"$12,289,544",78,215,31,26.9,2.65,5.875,0.875,2.45,0.75,1.425,0.6,2.55,3.15,2.925,1.05,0.175,1.225,1.225,5.825,6.925
Tayshaun Prince,Boston Celtics,SF,"$7,707,865",81,215,34,23.56666667,2.766666667,6.6,0.533333333,1.166666667,0.833333333,1,0.766666667,2.366666667,3.133333333,1.366666667,0.333333333,0.266666667,0.6,0.8,-0.566666667,6.9
Derrick Williams,Sacramento Kings,PF,"$6,331,404",80,240,23,17.34210526,2.473684211,5.552631579,0.421052632,1.526315789,1.526315789,2.368421053,0.578947368,2.105263158,2.684210526,0.5,0.421052632,0.052631579,0.657894737,0.815789474,-4.236842105,6.894736842
Andrew Bogut,Golden State Warriors,C,"$12,972,973",85,260,30,24.34482759,3.103448276,5.655172414,0,0,0.586206897,0.931034483,2.034482759,6.689655172,8.724137931,2.75862069,0.655172414,1.965517241,1.724137931,2.620689655,10.55172414,6.793103448
Brian Roberts,Charlotte Hornets,PG,"$2,732,000",73,173,29,17.44444444,2.466666667,5.866666667,0.822222222,2.222222222,1.022222222,1.133333333,0.177777778,1.111111111,1.288888889,2.133333333,0.311111111,0.088888889,0.888888889,0.977777778,-1.355555556,6.777777778
Rudy Gobert,Utah Jazz,C,"$1,127,400",85,245,22,21.61363636,2.568181818,4.068181818,0,0.045454545,1.590909091,2.363636364,2.590909091,4.590909091,7.181818182,1.090909091,0.659090909,2.159090909,1.227272727,1.954545455,-0.75,6.727272727
Ben Gordon,Orlando Magic,SG,"$4,500,000",75,205,31,15.02325581,2.465116279,5.511627907,0.651162791,1.744186047,1.139534884,1.325581395,0.11627907,1.046511628,1.162790698,0.930232558,0.302325581,0.023255814,0.860465116,1.093023256,-1.604651163,6.720930233
Lavoy Allen,Indiana Pacers,PF,"$915,243",81,255,25,21.6,2.975,6.05,0,0,0.65,0.925,2.575,4.15,6.725,1.375,0.325,0.825,0.725,2.05,1.65,6.6
Jusuf Nurkic,Denver Nuggets,C,"$1,762,680",73,280,20,15.5,2.625,5.9375,0,0.03125,1.3125,1.875,1.78125,4.03125,5.8125,0.8125,0.75,1.09375,1.15625,3.125,1.71875,6.5625
Marvin Williams,Charlotte Hornets,PF,"$7,000,000",81,237,28,24.72093023,2.465116279,5.720930233,1.046511628,3.11627907,0.558139535,0.860465116,0.720930233,3.76744186,4.488372093,1.162790698,0.837209302,0.255813953,0.813953488,1.813953488,-1.186046512,6.534883721
Aron Baynes,San Antonio Spurs,C,"$2,077,000",73,260,28,15.075,2.55,4.5,0.025,0.075,1.375,1.625,1.475,3,4.475,0.5,0.2,0.325,0.975,2.5,0.6,6.5
Isaiah Canaan,Houston Rockets,PG,"$816,842",73,201,23,14.95833333,2.208333333,5.166666667,1.333333333,3.25,0.666666667,0.875,0.458333333,0.916666667,1.375,1.208333333,0.583333333,0,0.958333333,1.083333333,0.291666667,6.416666667
Alex Len,Phoenix Suns,C,"$3,649,920",85,255,21,20.5,2.630434783,4.652173913,0.02173913,0.065217391,1.130434783,1.543478261,2.065217391,4,6.065217391,0.413043478,0.52173913,1.565217391,0.913043478,3.130434783,0.282608696,6.413043478
Marcus Smart,Boston Celtics,PG,"$3,283,320",76,220,20,22,2.071428571,5.392857143,1.285714286,3.535714286,0.964285714,1.357142857,0.571428571,1.821428571,2.392857143,3,1.142857143,0.142857143,1.142857143,2.5,0.392857143,6.392857143
Austin Rivers,Los Angeles Clippers,SG,"$2,439,840",76,200,22,21.325,2.3,6.075,0.375,1.375,1.35,1.925,0.325,1.6,1.925,2.5,0.5,0.2,0.875,1.7,-1.65,6.325
Pero Antic,Atlanta Hawks,PF,"$1,250,000",73,260,32,17.41176471,2.058823529,5.088235294,0.970588235,3,1.235294118,1.823529412,0.941176471,2,2.941176471,0.970588235,0.235294118,0.294117647,0.882352941,2.352941176,4.117647059,6.323529412
Spencer Hawes,Los Angeles Clippers,PF,"$5,305,000",85,245,26,17.02857143,2.342857143,5.771428571,0.8,2.542857143,0.742857143,1.142857143,0.457142857,3.742857143,4.2,1.314285714,0.342857143,0.857142857,0.628571429,2.057142857,-0.857142857,6.228571429
Norris Cole,Miami Heat,PG,"$2,038,206",74,175,26,24.30769231,2.487179487,6.435897436,0.538461538,2.256410256,0.692307692,0.974358974,0.230769231,2.102564103,2.333333333,3.358974359,0.974358974,0.205128205,1.256410256,1.615384615,-2.41025641,6.205128205
Perry Jones,Oklahoma City Thunder,SF,"$1,129,200",73,235,23,18.96,2.4,5.48,0.48,1.84,0.84,1.28,0.16,1.96,2.12,0.4,0.4,0.12,0.68,1.56,-2.6,6.12
Leandro Barbosa,Golden State Warriors,SG,"$915,243",75,194,32,12.6875,2.40625,5.125,0.34375,1.21875,0.875,1.09375,0.4375,0.8125,1.25,1.03125,0.5625,0.125,0.59375,1.28125,-1.875,6.03125
Aaron Gordon,Orlando Magic,PF,"$3,992,040",81,220,19,14.86666667,2.266666667,3.733333333,0.4,0.733333333,1.066666667,1.666666667,0.666666667,2.333333333,3,0.6,0.333333333,0.533333333,0.8,1.333333333,-2.666666667,6
Lance Thomas,New York Knicks,SF,"$107,676",80,225,26,21.59259259,2.444444444,6.259259259,0,0.037037037,1.111111111,1.592592593,1.148148148,2.518518519,3.666666667,1.222222222,0.555555556,0.074074074,0.851851852,1.518518519,-3.888888889,6
Quincy Acy,New York Knicks,SF,"$915,243",79,240,24,21.12820513,2.384615385,4.58974359,0.205128205,0.487179487,1.025641026,1.384615385,1.307692308,3.666666667,4.974358974,1.051282051,0.358974359,0.230769231,1,2.384615385,-3.666666667,6
Chris Johnson,Philadelphia 76ers,SF,"$915,243",78,201,24,20.77777778,2.111111111,6.666666667,1.111111111,4.333333333,0.666666667,0.888888889,0.333333333,2.555555556,2.888888889,0.333333333,1,0.555555556,1,2.111111111,-1.555555556,6
Vince Carter,Memphis Grizzlies,SG,"$3,911,981",78,220,38,16.43902439,2.195121951,6.512195122,1.024390244,3.609756098,0.56097561,0.780487805,0.463414634,1.414634146,1.87804878,1.341463415,0.682926829,0.195121951,0.658536585,1.512195122,-0.317073171,5.975609756
Danny Granger,Miami Heat,SF,"$2,077,000",81,222,31,19.625,2.125,5.166666667,0.958333333,2.583333333,0.75,1.083333333,0.708333333,1.833333333,2.541666667,0.5,0.5,0.25,0.916666667,2.208333333,-3.583333333,5.958333333
Randy Foye,Denver Nuggets,SG,"$3,000,000",76,213,31,15.82352941,1.882352941,5.764705882,1.117647059,3.352941176,1,1.235294118,0.058823529,0.882352941,0.941176471,1.588235294,0.411764706,0.176470588,1,1.529411765,-2.117647059,5.882352941
John Henson,Milwaukee Bucks,C,"$1,987,320",73,230,24,15.62068966,2.448275862,4.275862069,0,0,0.965517241,1.482758621,1.482758621,2.344827586,3.827586207,0.931034483,0.24137931,1.620689655,1.172413793,2.172413793,-0.206896552,5.862068966
Alan Anderson,Brooklyn Nets,SG,"$1,276,061",78,220,32,22.22727273,2.068181818,5.045454545,0.795454545,2.454545455,0.909090909,1.136363636,0.545454545,2.136363636,2.681818182,0.931818182,0.818181818,0.113636364,0.886363636,1.909090909,-1.022727273,5.840909091
Meyers Leonard,Portland Trail Blazers,C,"$2,317,920",85,245,22,15.52173913,2.086956522,4.043478261,0.826086957,1.869565217,0.739130435,0.826086957,0.826086957,3.608695652,4.434782609,0.565217391,0.260869565,0.260869565,0.52173913,2.304347826,0,5.739130435
Shaun Livingston,Golden State Warriors,PG,"$5,305,000",79,192,29,17.725,2.45,4.7,0,0.05,0.825,1.1,0.4,1.4,1.8,2.95,0.7,0.25,1.3,1.25,-0.2,5.725
Caron Butler,Detroit Pistons,SF,"$4,500,000",79,228,34,21.38636364,2.068181818,5.386363636,0.931818182,2.863636364,0.636363636,0.704545455,0.340909091,2.522727273,2.863636364,0.75,0.5,0.045454545,0.590909091,1.545454545,-0.863636364,5.704545455
Ramon Sessions,Sacramento Kings,PG,"$2,077,000",75,190,28,17.11111111,1.851851852,5.407407407,0.222222222,0.777777778,1.777777778,2.407407407,0.37037037,1.518518519,1.888888889,2.592592593,0.407407407,0,1.481481481,1.074074074,-3.444444444,5.703703704
Elijah Millsap,Utah Jazz,SG,"$241,731",78,215,27,20.5,1.9,5.8,1,2.4,0.9,1.1,0.5,1.7,2.2,1.1,1.1,0.6,2,3,1.1,5.7
Anthony Bennett,Minnesota Timberwolves,PF,"$5,563,920",80,245,21,16.57142857,2.428571429,5.714285714,0.119047619,0.285714286,0.714285714,1.19047619,0.928571429,3,3.928571429,0.880952381,0.5,0.30952381,0.619047619,1.69047619,-5.595238095,5.69047619
Shane Larkin,New York Knicks,PG,"$1,606,080",61,175,22,22.71428571,2.214285714,5.30952381,0.571428571,1.642857143,0.619047619,0.714285714,0.285714286,1.642857143,1.928571429,2.452380952,1.285714286,0.071428571,0.976190476,1.976190476,-4.380952381,5.619047619
Jason Thompson,Sacramento Kings,PF,"$6,037,500",73,250,28,25.04761905,2.285714286,4.904761905,0,0.023809524,1.023809524,1.642857143,1.476190476,4.952380952,6.428571429,0.928571429,0.333333333,0.642857143,1.047619048,3.166666667,-0.928571429,5.595238095
Cole Aldrich,New York Knicks,C,"$915,243",73,250,26,17,2.548387097,5.161290323,0,0,0.483870968,0.64516129,1.774193548,3.709677419,5.483870968,1.161290323,0.612903226,0.806451613,1.161290323,2.225806452,-5.290322581,5.580645161
Shawn Marion,Cleveland Cavaliers,SG,"$915,243",79,228,36,22.09756098,2.341463415,5.341463415,0.292682927,1.024390244,0.585365854,0.731707317,1.146341463,2.707317073,3.853658537,1.048780488,0.585365854,0.585365854,0.634146341,1.170731707,1.585365854,5.56097561
Jonas Jerebko,Detroit Pistons,PF,"$4,500,000",73,231,27,15.63414634,2.073170732,4.512195122,0.658536585,1.756097561,0.731707317,0.853658537,1.097560976,2.073170732,3.170731707,0.975609756,0.634146341,0.195121951,0.585365854,1.756097561,0.634146341,5.536585366
P.J. Hairston,Charlotte Hornets,SG,"$1,149,720",78,230,22,15.03125,1.9375,5.96875,1.1875,3.8125,0.46875,0.5625,0.46875,1.6875,2.15625,0.46875,0.46875,0.40625,0.46875,1.375,0.09375,5.53125
Jon Leuer,Memphis Grizzlies,PF,"$967,500",73,228,25,15.42105263,2.342105263,5.157894737,0.157894737,0.578947368,0.631578947,1.026315789,0.868421053,2.973684211,3.842105263,0.921052632,0.342105263,0.184210526,0.657894737,1.605263158,-1.421052632,5.473684211
JaVale McGee,Denver Nuggets,C,"$11,250,000",85,270,27,11.64285714,2.071428571,3.571428571,0,0,1.214285714,1.785714286,1,2,3,0,0.142857143,1.142857143,0.928571429,1.785714286,-2.285714286,5.357142857
Thabo Sefolosha,Atlanta Hawks,SG,"$4,150,000",79,222,30,19.39534884,1.976744186,4.581395349,0.441860465,1.418604651,0.88372093,1.186046512,1.023255814,3.418604651,4.441860465,1.511627907,1.046511628,0.488372093,0.744186047,1.348837209,3.511627907,5.279069767
Jordan Clarkson,Los Angeles Lakers,PG,"$507,336",77,185,22,13.60869565,1.739130435,4.52173913,0.217391304,0.782608696,1.565217391,2,0.608695652,0.913043478,1.52173913,0.956521739,0.52173913,0.130434783,0.739130435,0.913043478,-1.173913043,5.260869565
Rodney Hood,Utah Jazz,SG,"$1,290,360",80,215,22,18.41666667,1.666666667,5.25,0.833333333,2.916666667,1.083333333,1.541666667,0.208333333,2.291666667,2.5,1.208333333,0.416666667,0.25,0.791666667,2.375,-0.958333333,5.25
Shabazz Napier,Miami Heat,PG,"$1,238,640",73,175,23,21.18181818,1.696969697,4.515151515,0.848484848,2.303030303,1,1.333333333,0.424242424,2,2.424242424,2.212121212,0.909090909,0.090909091,1.636363636,1.575757576,-1,5.242424242
Charlie Villanueva,Dallas Mavericks,PF,"$915,243",73,232,30,7.964285714,2,4.464285714,1.071428571,2.821428571,0.142857143,0.178571429,0.392857143,1.321428571,1.714285714,0.178571429,0.142857143,0.285714286,0.357142857,0.928571429,0.285714286,5.214285714
Ronnie Price,Los Angeles Lakers,PG,"$915,243",74,190,31,22.87804878,1.829268293,5.195121951,0.756097561,2.609756098,0.756097561,0.951219512,0.43902439,1.146341463,1.585365854,3.707317073,1.463414634,0.097560976,1.170731707,2.634146341,-2.024390244,5.170731707
Richard Jefferson,Dallas Mavericks,SF,"$915,243",79,234,34,15.525,1.775,4.075,0.775,1.875,0.825,1.375,0.45,1.925,2.375,0.95,0.4,0.125,0.6,1.675,0.825,5.15
Otto Porter Jr.,Washington Wizards,SF,"$4,470,480",80,198,21,17.625,2.075,4.55,0.275,0.925,0.725,0.975,0.875,1.975,2.85,0.95,0.475,0.475,0.475,1.05,-1.1,5.15
Sergey Karasev,Brooklyn Nets,SG,"$1,533,840",79,208,21,18.42857143,1.785714286,4.392857143,0.535714286,1.75,1.035714286,1.357142857,0.75,1.357142857,2.107142857,1.428571429,0.821428571,0.035714286,0.75,1.535714286,0.75,5.142857143
Quincy Pondexter,New Orleans Pelicans,SG,"$3,146,068",79,220,26,19.75675676,1.810810811,4.945945946,0.621621622,2.540540541,0.891891892,1.216216216,0.702702703,1.513513514,2.216216216,1.054054054,0.189189189,0.189189189,0.378378378,1.675675676,-0.135135135,5.135135135
Alonzo Gee,Denver Nuggets,SF,"$915,243",78,225,27,13.36363636,1.727272727,3.696969697,0.303030303,0.666666667,1.363636364,1.787878788,0.727272727,1.03030303,1.757575758,0.515151515,0.727272727,0.181818182,0.696969697,1.121212121,-1.787878788,5.121212121
Chris Andersen,Miami Heat,PF,"$5,375,000",73,245,36,20.17241379,1.793103448,2.965517241,0.034482759,0.068965517,1.482758621,2.310344828,1.103448276,4,5.103448276,0.655172414,0.517241379,0.965517241,0.586206897,1.75862069,-0.068965517,5.103448276
Jerami Grant,Philadelphia 76ers,SF,"$884,879",80,210,20,17.89655172,1.620689655,4.482758621,0.517241379,1.482758621,1.344827586,2.310344828,0.793103448,1.931034483,2.724137931,0.586206897,0.620689655,1,0.862068966,1.75862069,-2.206896552,5.103448276
Dante Exum,Utah Jazz,SG,"$3,615,000",78,190,19,19.5,1.863636364,4.818181818,0.954545455,2.909090909,0.409090909,0.659090909,0.227272727,1.181818182,1.409090909,2.159090909,0.431818182,0.136363636,1.181818182,1.613636364,0.772727273,5.090909091
Jae Crowder,Boston Celtics,SF,"$915,243",78,235,24,14.1627907,1.930232558,4.255813953,0.558139535,1.697674419,0.581395349,0.720930233,0.651162791,1.255813953,1.906976744,0.744186047,0.744186047,0.302325581,0.418604651,1.11627907,-0.534883721,5
Matt Bonner,San Antonio Spurs,C,"$915,243",73,235,34,16.125,1.8,4.375,0.85,2.35,0.55,0.675,0.425,1.425,1.85,0.825,0.15,0.25,0.225,1.225,1.975,5
Alexis Ajinca,New Orleans Pelicans,C,"$981,084",86,248,26,11.1875,2,3.21875,0,0,0.96875,1.3125,1.28125,2.71875,4,0.34375,0.1875,0.4375,0.75,2.03125,-0.53125,4.96875
Ian Mahinmi,Indiana Pacers,C,"$4,000,000",73,250,28,18.82142857,2.214285714,3.642857143,0,0,0.535714286,1.392857143,1.857142857,4.178571429,6.035714286,0.535714286,0.464285714,0.678571429,1,2.678571429,-0.714285714,4.964285714
Kosta Koufos,Memphis Grizzlies,C,"$3,000,000",85,265,25,15.78571429,2.071428571,3.785714286,0,0,0.785714286,1.119047619,0.952380952,3.619047619,4.571428571,0.5,0.380952381,0.904761905,0.857142857,1.785714286,0.142857143,4.928571429
Dante Cunningham,New Orleans Pelicans,PF,"$716,043",80,230,27,24.39285714,2.25,4.678571429,0.035714286,0.071428571,0.392857143,0.642857143,1.035714286,2.285714286,3.321428571,0.535714286,0.75,0.357142857,0.571428571,1.571428571,-0.285714286,4.928571429
Tarik Black,Los Angeles Lakers,PF,"$507,336",73,257,23,15.90909091,2,3.454545455,0,0.03030303,0.909090909,1.636363636,2.303030303,2.818181818,5.121212121,0.363636364,0.272727273,0.151515152,0.878787879,2.151515152,0.181818182,4.909090909
Justin Holiday,Golden State Warriors,SG,"$816,482",78,185,25,11.71428571,1.785714286,4.25,0.714285714,2.035714286,0.607142857,0.821428571,0.25,1,1.25,0.928571429,0.785714286,0.214285714,0.5,0.821428571,1.5,4.892857143
Pablo Prigioni,New York Knicks,PG,"$1,662,961",75,185,37,18.85365854,1.634146341,3.804878049,1.024390244,2.707317073,0.536585366,0.634146341,0.414634146,1.365853659,1.780487805,2.463414634,1.219512195,0,1.097560976,1.243902439,-2.170731707,4.829268293
Chase Budinger,Minnesota Timberwolves,SF,"$5,000,000",79,209,26,15.86486486,1.810810811,4.918918919,0.594594595,1.837837838,0.540540541,0.675675676,0.378378378,2.243243243,2.621621622,0.864864865,0.594594595,0.135135135,0.72972973,0.837837838,-4.675675676,4.756756757
Anthony Tolliver,Detroit Pistons,PF,"$3,000,000",80,240,29,13.30769231,1.564102564,3.769230769,1.102564103,2.923076923,0.512820513,0.717948718,0.384615385,1.974358974,2.358974359,0.538461538,0.256410256,0.179487179,0.538461538,1.230769231,-0.076923077,4.743589744
Cleanthony Early,New York Knicks,SF,"$507,336",80,220,23,14.14285714,1.785714286,4.714285714,0.785714286,2.071428571,0.357142857,0.714285714,0.571428571,1.142857143,1.714285714,0.785714286,0.571428571,0.142857143,0.785714286,0.928571429,-0.928571429,4.714285714
Larry Drew II,Philadelphia 76ers,PG,,74,180,24,18.83333333,2,5.166666667,0.333333333,1.833333333,0.333333333,0.5,0,0.666666667,0.666666667,4.333333333,0.5,0,2.166666667,0.5,-10,4.666666667
Jordan Farmar,Los Angeles Clippers,PG,"$2,077,000",74,180,28,14.66666667,1.694444444,4.388888889,0.972222222,2.694444444,0.277777778,0.305555556,0.222222222,0.944444444,1.166666667,1.861111111,0.555555556,0.138888889,0.888888889,1.444444444,-1.194444444,4.638888889
Bismack Biyombo,Charlotte Hornets,C,"$3,873,398",81,245,22,17.52631579,1.631578947,2.868421053,0,0,1.315789474,2.605263158,2.631578947,3.605263158,6.236842105,0.157894737,0.210526316,1.394736842,0.789473684,2.105263158,1.368421053,4.578947368
Damjan Rudez,Indiana Pacers,SF,"$1,100,000",73,200,28,16.17142857,1.685714286,4.085714286,0.828571429,2.514285714,0.371428571,0.571428571,0.142857143,0.714285714,0.857142857,0.771428571,0.285714286,0.142857143,0.542857143,1.171428571,1.657142857,4.571428571
Jannero Pargo,Charlotte Hornets,PG,"$915,243",73,185,35,8.111111111,1.666666667,3.888888889,1,2.444444444,0.222222222,0.222222222,0,0.333333333,0.333333333,0.888888889,0,0,0.333333333,0.888888889,-0.222222222,4.555555556
Miles Plumlee,Phoenix Suns,C,"$1,169,880",73,255,26,19.2173913,2.086956522,3.717391304,0,0,0.369565217,0.739130435,1.804347826,3.434782609,5.239130435,0.565217391,0.608695652,0.97826087,0.869565217,1.804347826,0.391304348,4.543478261
Al-Farouq Aminu,Dallas Mavericks,SF,"$981,084",81,215,24,14.07692308,1.692307692,3.871794872,0.384615385,1.487179487,0.769230769,1.051282051,0.871794872,2.333333333,3.205128205,0.58974359,0.461538462,0.58974359,0.487179487,1.41025641,2.256410256,4.538461538
Shelvin Mack,Atlanta Hawks,PG,"$2,433,333",75,207,24,13.74193548,1.709677419,4.580645161,0.612903226,2,0.483870968,0.612903226,0.193548387,1.258064516,1.451612903,2.774193548,0.419354839,0.064516129,0.935483871,0.548387097,0.193548387,4.516129032
Andrea Bargnani,New York Knicks,C,"$11,500,000",85,245,29,11,2,5.5,0,0,0.5,2,1,1,2,1,0,0,0,1,0,4.5
Kostas Papanikolaou,Houston Rockets,SF,"$4,797,664",80,235,24,19.97222222,1.722222222,5,0.75,2.583333333,0.305555556,0.444444444,1,2.055555556,3.055555556,2.138888889,0.694444444,0.305555556,1.388888889,1.833333333,-1.916666667,4.5
Matthew Dellavedova,Cleveland Cavaliers,SG,"$816,482",76,200,24,21.13333333,1.533333333,4.433333333,1.033333333,2.5,0.366666667,0.6,0.533333333,1.266666667,1.8,3.3,0.3,0.066666667,1,2.433333333,-0.866666667,4.466666667
Steve Blake,Portland Trail Blazers,PG,"$2,077,000",75,172,34,21,1.577777778,4.422222222,0.933333333,2.866666667,0.377777778,0.488888889,0.266666667,1.688888889,1.955555556,3.822222222,0.533333333,0.088888889,1.244444444,1.666666667,1.933333333,4.466666667
C.J. McCollum,Portland Trail Blazers,SG,"$2,421,000",76,200,23,12.12903226,1.548387097,4.064516129,0.741935484,1.806451613,0.612903226,0.935483871,0.161290323,0.64516129,0.806451613,0.774193548,0.548387097,0.064516129,0.580645161,1,0.774193548,4.451612903
Festus Ezeli,Golden State Warriors,C,"$1,112,880",73,265,25,11.76190476,1.714285714,3.047619048,0,0,0.904761905,1.476190476,1.142857143,1.857142857,3,0.238095238,0.19047619,0.857142857,1.095238095,2.333333333,-1.666666667,4.333333333
Josh McRoberts,Miami Heat,PF,"$5,305,000",73,240,27,17.47058824,1.647058824,3.117647059,0.470588235,1.117647059,0.470588235,0.764705882,0.411764706,2.235294118,2.647058824,1.941176471,0.705882353,0.176470588,1.294117647,2.411764706,1.882352941,4.235294118
Kendall Marshall,Milwaukee Bucks,PG,"$915,243",76,200,23,14.85714286,1.642857143,3.607142857,0.642857143,1.642857143,0.285714286,0.321428571,0.071428571,0.928571429,1,3.071428571,0.75,0,1.25,0.928571429,1.964285714,4.214285714
Mike Muscala,Atlanta Hawks,PF,"$816,482",73,230,23,8.933333333,1.733333333,3.266666667,0.066666667,0.266666667,0.666666667,0.733333333,1.266666667,1,2.266666667,0.266666667,0.266666667,0.4,0.466666667,0.866666667,-1,4.2
Robbie Hummel,Minnesota Timberwolves,SF,"$880,000",81,219,25,15,1.666666667,3.416666667,0.333333333,1.027777778,0.527777778,0.666666667,0.777777778,1.972222222,2.75,0.611111111,0.388888889,0.222222222,0.416666667,1.638888889,-2.305555556,4.194444444
Luke Ridnour,Orlando Magic,PG,"$2,750,000",74,175,33,14.46428571,1.678571429,3.678571429,0.428571429,1.107142857,0.392857143,0.464285714,0.178571429,1.5,1.678571429,2.214285714,0.285714286,0,0.821428571,1.428571429,-3.285714286,4.178571429
Ray McCallum,Sacramento Kings,PG,"$816,482",75,190,23,13.9,1.766666667,4.333333333,0.3,1.133333333,0.333333333,0.533333333,0.5,1.3,1.8,1.433333333,0.433333333,0.133333333,0.8,1.066666667,-4.5,4.166666667
Dorell Wright,Portland Trail Blazers,SF,"$3,150,000",81,205,29,11.76,1.2,3.2,0.84,2.04,0.92,1.16,0.28,1.88,2.16,1.04,0.48,0.24,0.48,1.2,2.64,4.16
Reggie Evans,Sacramento Kings,C,"$1,768,653",80,245,34,17.92592593,1.407407407,3.296296296,0,0.074074074,1.333333333,2.222222222,2.444444444,4.37037037,6.814814815,0.555555556,0.407407407,0.148148148,1,2.259259259,-3.518518519,4.148148148
Kendrick Perkins,Oklahoma City Thunder,C,"$9,654,342",73,270,30,19.20930233,1.651162791,3.790697674,0,0.023255814,0.837209302,1.604651163,1.697674419,4,5.697674419,0.790697674,0.325581395,0.744186047,1.488372093,2.674418605,0.860465116,4.139534884
Travis Wear,New York Knicks,SF,"$507,336",73,225,24,12.62162162,1.756756757,4.108108108,0.243243243,0.648648649,0.351351351,0.432432432,0.459459459,1.297297297,1.756756757,0.756756757,0.243243243,0.162162162,0.72972973,1.135135135,-0.486486486,4.108108108
Ryan Kelly,Los Angeles Lakers,PF,"$1,650,000",73,230,23,17.06666667,1.2,3.533333333,0.466666667,1.2,1.133333333,1.4,0.266666667,2.8,3.066666667,0.733333333,0.266666667,0.2,0.666666667,1.6,1.133333333,4
Johnny O'Bryant III,Milwaukee Bucks,PF,"$600,000",81,265,21,12.55555556,1.722222222,4.277777778,0,0,0.5,0.944444444,0.833333333,0.888888889,1.722222222,0.5,0.111111111,0.222222222,0.777777778,1.444444444,-1.666666667,3.944444444
Nick Collison,Oklahoma City Thunder,PF,"$2,242,003",73,255,34,16.10810811,1.513513514,3.621621622,0.297297297,1.27027027,0.540540541,0.918918919,1.135135135,2.189189189,3.324324324,1.324324324,0.513513514,0.324324324,0.756756757,2.432432432,-0.594594595,3.864864865
James Jones,Cleveland Cavaliers,SF,"$915,243",80,215,34,10.4,1.12,3.24,1,2.88,0.56,0.6,0.08,1.08,1.16,0.52,0.24,0.16,0.2,0.88,-2.36,3.8
James Ennis,Miami Heat,SF,"$507,336",79,208,24,13.97297297,1.189189189,3,0.297297297,1,1.108108108,1.297297297,0.702702703,1.648648649,2.351351351,0.648648649,0.486486486,0.27027027,0.324324324,1.108108108,-0.675675676,3.783783784
Andre Roberson,Oklahoma City Thunder,SG,"$1,160,880",79,210,23,20.56756757,1.486486486,3.297297297,0.27027027,1.27027027,0.540540541,1.135135135,1.054054054,3.216216216,4.27027027,1.189189189,0.864864865,0.540540541,0.810810811,2.162162162,2.135135135,3.783783784
Joe Ingles,Utah Jazz,SF,"$507,336",80,216,27,18.97727273,1.409090909,3.522727273,0.681818182,2.227272727,0.272727273,0.386363636,0.204545455,1.772727273,1.977272727,2.318181818,0.840909091,0.159090909,0.977272727,1.272727273,-1.613636364,3.772727273
Willie Green,Orlando Magic,SG,"$1,448,490",75,205,33,14.73076923,1.538461538,4.807692308,0.307692308,1.461538462,0.384615385,0.461538462,0.269230769,0.807692308,1.076923077,1.115384615,0.346153846,0.076923077,0.576923077,1.346153846,-0.846153846,3.769230769
Andre Miller,Washington Wizards,PG,"$4,650,000",74,200,38,12.48888889,1.6,2.888888889,0.022222222,0.155555556,0.533333333,0.777777778,0.444444444,1.088888889,1.533333333,2.933333333,0.266666667,0.044444444,0.933333333,1.133333333,-2.377777778,3.755555556
Thomas Robinson,Portland Trail Blazers,PF,"$3,678,360",73,237,23,12.32142857,1.5,2.892857143,0,0,0.75,1.714285714,1,3.285714286,4.285714286,0.285714286,0.5,0.357142857,1.107142857,1.714285714,1.714285714,3.75
John Jenkins,Atlanta Hawks,SG,"$1,312,920",76,215,23,7.5,1.5,3.25,0.5,1.25,0.25,0.25,0,0.75,0.75,0,0.25,0,0.25,0.75,0,3.75
Nik Stauskas,Sacramento Kings,SG,"$2,745,840",78,205,21,14.24390244,1.292682927,3.707317073,0.56097561,2,0.585365854,0.707317073,0.146341463,0.926829268,1.073170732,0.707317073,0.195121951,0.219512195,0.414634146,1.317073171,-3.12195122,3.731707317
Robert Sacre,Los Angeles Lakers,C,"$915,243",85,270,25,14.28205128,1.538461538,3.717948718,0,0,0.641025641,1.025641026,1.051282051,1.871794872,2.923076923,0.564102564,0.307692308,0.512820513,0.41025641,1.615384615,1.307692308,3.717948718
Jimmer Fredette,New Orleans Pelicans,PG,"$915,243",74,195,25,10.86206897,1.344827586,3.586206897,0.206896552,1.068965517,0.793103448,0.862068966,0.137931034,0.551724138,0.689655172,1.137931034,0.310344828,0,0.482758621,0.862068966,1.344827586,3.689655172
JaKarr Sampson,Philadelphia 76ers,SG,"$507,336",81,214,21,11.57894737,1.447368421,3.263157895,0.289473684,1.105263158,0.5,0.894736842,0.342105263,1.368421053,1.710526316,0.789473684,0.210526316,0.263157895,0.842105263,1.526315789,-4.552631579,3.684210526
Archie Goodwin,Phoenix Suns,SG,"$1,112,280",77,198,20,7.307692308,1.076923077,3.153846154,0.153846154,0.615384615,1.307692308,1.769230769,0.307692308,1,1.307692308,0.538461538,0.153846154,0.153846154,0.230769231,0.769230769,-3.615384615,3.615384615
Glen Davis,Los Angeles Clippers,PF,"$915,243",81,289,29,10.7027027,1.432432432,3,0,0.027027027,0.72972973,1.054054054,0.351351351,1.567567568,1.918918919,0.405405405,0.594594595,0.162162162,0.378378378,1.486486486,-1.810810811,3.594594595
Cory Jefferson,Brooklyn Nets,PF,"$507,336",81,218,24,10,1.428571429,3.476190476,0.095238095,0.523809524,0.619047619,1.047619048,0.571428571,1.80952381,2.380952381,0.428571429,0.142857143,0.380952381,0.285714286,1.047619048,1.476190476,3.571428571
T.J. Warren,Phoenix Suns,SF,"$1,953,120",80,215,21,9.285714286,1.5,3.357142857,0.285714286,0.857142857,0.285714286,0.285714286,0.571428571,0.357142857,0.928571429,0.214285714,0.357142857,0.071428571,0.571428571,1.071428571,-2.214285714,3.571428571
Drew Gooden,Washington Wizards,PF,"$915,243",73,250,33,11.90909091,1.454545455,3.727272727,0.318181818,0.909090909,0.318181818,0.545454545,0.863636364,1.545454545,2.409090909,0.636363636,0.318181818,0.136363636,0.636363636,1.545454545,-2.227272727,3.545454545
Udonis Haslem,Miami Heat,PF,"$2,732,000",80,235,34,14.16666667,1.433333333,3.233333333,0,0,0.633333333,0.966666667,1.1,2.766666667,3.866666667,0.6,0.3,0.1,0.566666667,1.833333333,-3.166666667,3.5
Joel Freeland,Portland Trail Blazers,C,"$3,013,512",73,225,27,13.58064516,1.483870968,3.129032258,0,0,0.516129032,0.612903226,1.64516129,2.870967742,4.516129032,0.419354839,0.161290323,0.483870968,0.677419355,2.129032258,1.935483871,3.483870968
Dwight Powell,Dallas Mavericks,PF,"$507,336",73,240,23,8.294117647,1.176470588,1.941176471,0.117647059,0.176470588,1,1.352941176,0.647058824,0.941176471,1.588235294,0.411764706,0.352941176,0.235294118,0.294117647,1.411764706,0.235294118,3.470588235
Phil Pressey,Boston Celtics,PG,"$816,482",61,175,23,12.25,1.214285714,3.357142857,0.428571429,1.5,0.607142857,0.821428571,0.214285714,1.285714286,1.5,2.25,0.642857143,0.107142857,0.785714286,1.178571429,-0.678571429,3.464285714
Luke Babbitt,New Orleans Pelicans,SF,"$981,084",81,225,25,13.5,1.111111111,2.638888889,1.027777778,2.083333333,0.166666667,0.277777778,0.111111111,1.555555556,1.666666667,0.25,0.277777778,0.111111111,0.416666667,1.25,-2.333333333,3.416666667
Gary Harris,Denver Nuggets,SG,"$1,519,200",76,210,20,13.05,1.1,4.25,0.5,2.15,0.7,1.05,0.45,0.85,1.3,0.65,1.05,0.1,0.75,1.4,-2.7,3.4
Kent Bazemore,Atlanta Hawks,SG,"$2,000,000",77,201,25,11.68421053,1.263157895,3,0.421052632,1,0.447368421,0.789473684,0.184210526,1.842105263,2.026315789,0.605263158,0.421052632,0.394736842,0.710526316,1.315789474,-2.315789474,3.394736842
Allen Crabbe,Portland Trail Blazers,SF,"$862,000",78,210,22,14.34375,1.21875,2.84375,0.6875,1.75,0.25,0.28125,0.15625,1.09375,1.25,0.875,0.375,0.4375,0.3125,1.5625,0.1875,3.375
Darius Morris,Brooklyn Nets,PG,"$702,756",76,195,24,9.55,1.45,3.7,0.3,1.15,0.15,0.35,0.2,0.5,0.7,1.35,0.25,0,0.6,0.8,-3,3.35
Jerome Jordan,Brooklyn Nets,C,"$816,482",85,253,28,9.25,1.28125,2.125,0,0,0.78125,0.9375,1.3125,1.25,2.5625,0.3125,0.21875,0.46875,0.625,1.46875,-2.4375,3.34375
Jeff Taylor,Charlotte Hornets,SF,"$915,243",79,225,25,7.333333333,1.166666667,2.833333333,0.333333333,0.833333333,0.666666667,1.666666667,0.666666667,0.833333333,1.5,0.666666667,0.333333333,0,0.333333333,1,-1.833333333,3.333333333
Maurice Harkless,Orlando Magic,SF,"$1,887,840",81,215,21,14.5,1.318181818,3.227272727,0.181818182,1.181818182,0.5,0.727272727,0.636363636,1.590909091,2.227272727,0.681818182,0.590909091,0.090909091,0.681818182,1.772727273,-2.090909091,3.318181818
Erick Green,Denver Nuggets,PG,"$507,336",76,185,23,7.285714286,1.5,3.357142857,0.214285714,0.785714286,0.071428571,0.142857143,0,0.357142857,0.357142857,0.714285714,0.071428571,0,0.357142857,0.5,-2.357142857,3.285714286
Tony Snell,Chicago Bulls,SF,"$1,472,400",79,200,23,12.62162162,1.189189189,2.972972973,0.513513514,1.567567568,0.351351351,0.432432432,0.432432432,1.216216216,1.648648649,0.540540541,0.432432432,0.162162162,0.459459459,0.918918919,-0.162162162,3.243243243
Nick Johnson,Houston Rockets,SG,"$507,336",75,202,22,10.70588235,1.058823529,3.058823529,0.294117647,0.941176471,0.823529412,1.058823529,0.411764706,1,1.411764706,0.352941176,0.352941176,0.117647059,0.705882353,1.411764706,-1.588235294,3.235294118
Will Barton,Portland Trail Blazers,SG,"$915,243",78,175,24,10.33333333,1.333333333,3.416666667,0.125,0.541666667,0.416666667,0.625,0.083333333,1,1.083333333,1,0.5,0.125,0.583333333,0.708333333,-0.083333333,3.208333333
Tyler Ennis,Phoenix Suns,PG,"$1,590,720",74,180,20,7.857142857,1.285714286,2.857142857,0.285714286,0.857142857,0.285714286,0.285714286,0.142857143,0.857142857,1,1.571428571,0,0.285714286,1.142857143,0.428571429,0.142857143,3.142857143
Elton Brand,Atlanta Hawks,PF,"$2,000,000",81,254,35,12.5625,1.375,2.9375,0,0,0.375,0.8125,1.0625,1.9375,3,0.5,0.5,0.5625,0.375,1.5,0.75,3.125
Garrett Temple,Washington Wizards,SG,"$981,084",78,195,28,11.48484848,0.939393939,2.666666667,0.575757576,1.454545455,0.666666667,0.848484848,0.454545455,1.060606061,1.515151515,0.878787879,0.666666667,0.151515152,0.606060606,1.121212121,0.363636364,3.121212121
Andrew Nicholson,Orlando Magic,PF,"$1,545,840",81,250,25,8.888888889,1.333333333,3.722222222,0.277777778,0.611111111,0.166666667,0.388888889,0.222222222,1.111111111,1.333333333,0.388888889,0.111111111,0.166666667,0.277777778,0.833333333,-1.333333333,3.111111111
Troy Daniels,Minnesota Timberwolves,SG,"$816,482",76,205,23,7.84375,1.0625,3.25,0.8125,2.53125,0.15625,0.1875,0.1875,0.59375,0.78125,0.53125,0.0625,0,0.40625,0.8125,-1.65625,3.09375
James Young,Boston Celtics,SG,"$1,674,480",78,215,19,7.545454545,1.272727273,2.727272727,0.545454545,1.727272727,0,0.090909091,0.090909091,0.727272727,0.818181818,0.272727273,0,0.181818182,0.181818182,0.272727273,1.454545455,3.090909091
Dewayne Dedmon,Orlando Magic,C,"$816,482",85,245,25,10.96666667,1.266666667,2.533333333,0,0,0.533333333,0.833333333,1.766666667,2.266666667,4.033333333,0.166666667,0.233333333,0.666666667,0.666666667,1.9,-1.433333333,3.066666667
Doug McDermott,Chicago Bulls,SF,"$2,277,960",80,225,23,11.05555556,1.222222222,2.888888889,0.333333333,1.444444444,0.277777778,0.555555556,0.055555556,1.5,1.555555556,0.111111111,0.166666667,0.055555556,0.777777778,0.777777778,-3.111111111,3.055555556
Mitch McGary,Oklahoma City Thunder,PF,"$1,400,040",73,255,22,7,1,1,0,0,1,2,1,3,4,0,0,0,2,0,1,3
Tyler Hansbrough,Toronto Raptors,PF,"$3,326,235",81,250,29,13.71052632,0.973684211,2.105263158,0.026315789,0.184210526,1.026315789,1.657894737,1.473684211,1.947368421,3.421052632,0.289473684,0.315789474,0.236842105,0.289473684,2.105263158,4,3
Spencer Dinwiddie,Detroit Pistons,PG,"$700,000",78,200,21,10.8,1.1,3.6,0.3,1.9,0.5,0.5,0,0.8,0.8,2.1,0.4,0.1,0.4,1,-1.7,3
Jason Maxiell,Charlotte Hornets,PF,"$915,243",79,260,31,14,1.137931034,2.896551724,0,0,0.689655172,1.24137931,1.172413793,1.448275862,2.620689655,0.206896552,0.275862069,0.482758621,0.310344828,1.482758621,0.310344828,2.965517241
Nick Calathes,Memphis Grizzlies,SG,"$816,482",78,213,25,10.7,1.35,3.15,0.1,0.55,0.15,0.45,0.25,0.85,1.1,2.15,0.75,0.1,0.75,1.55,-0.55,2.95
Jeff Ayres,San Antonio Spurs,PF,"$1,828,750",81,250,27,8.821428571,1.107142857,2.035714286,0,0,0.642857143,0.75,0.75,1.607142857,2.357142857,0.357142857,0.214285714,0.178571429,0.428571429,1.392857143,-0.107142857,2.857142857
Raymond Felton,Dallas Mavericks,PG,"$3,793,693",73,205,30,7.285714286,1.142857143,3.142857143,0,0.571428571,0.571428571,0.571428571,0,0.571428571,0.571428571,1.714285714,0.428571429,0.142857143,0,0,-1.714285714,2.857142857
Justin Hamilton,Miami Heat,C,"$816,482",85,255,24,13.21052632,1.210526316,3.052631579,0.210526316,0.842105263,0.210526316,0.263157895,1.052631579,1.105263158,2.157894737,0.315789474,0.315789474,0.210526316,0.368421053,1.631578947,-3.473684211,2.842105263
Joe Harris,Cleveland Cavaliers,SG,"$884,879",78,225,23,11.02857143,1,2.514285714,0.685714286,1.828571429,0.142857143,0.228571429,0.142857143,0.685714286,0.828571429,0.628571429,0.2,0.028571429,0.457142857,1.257142857,-1.457142857,2.828571429
Landry Fields,Toronto Raptors,SG,"$6,250,000",79,215,26,12.6,1.2,2.266666667,0.066666667,0.133333333,0.333333333,0.4,0.666666667,0.8,1.466666667,0.866666667,0.666666667,0,0.533333333,0.6,-3.933333333,2.8
Ryan Hollins,Sacramento Kings,C,"$915,243",85,240,30,9.296296296,1,1.62962963,0,0,0.740740741,1.148148148,0.888888889,1.407407407,2.296296296,0.296296296,0.074074074,0.296296296,0.592592593,1.518518519,-3.037037037,2.740740741
Mike Miller,Cleveland Cavaliers,SG,"$2,732,000",80,218,34,16.5625,0.9375,2.71875,0.8125,2.3125,0,0,0.125,1.96875,2.09375,1.125,0.34375,0.09375,0.5,1.75,-1.125,2.6875
Bruno Caboclo,Toronto Raptors,SF,"$1,458,360",81,205,19,5,1,3,0.666666667,1,0,0,0.333333333,0.333333333,0.666666667,0,0,0.333333333,0.333333333,0.333333333,-2.333333333,2.666666667
Malcolm Thomas,Philadelphia 76ers,PF,"$635,827",81,225,26,11.41176471,1.058823529,2.352941176,0,0.411764706,0.529411765,0.764705882,0.941176471,2.352941176,3.294117647,0.411764706,0.176470588,0.058823529,0.764705882,1,-6.411764706,2.647058824
Hedo Turkoglu,Los Angeles Clippers,SF,"$915,243",73,220,35,9.407407407,1,1.962962963,0.592592593,1.148148148,0.037037037,0.074074074,0.148148148,1.074074074,1.222222222,0.518518519,0.259259259,0.037037037,0.407407407,0.777777778,-1.444444444,2.62962963
Kyle Anderson,San Antonio Spurs,SF,"$1,093,680",81,230,21,12.44444444,1.074074074,3,0.111111111,0.407407407,0.333333333,0.518518519,0.185185185,2.333333333,2.518518519,1.037037037,0.481481481,0.259259259,0.37037037,0.962962963,-0.814814815,2.592592593
Victor Claver,Portland Trail Blazers,PF,"$1,370,000",81,224,26,9.857142857,1,2.428571429,0.571428571,1.142857143,0,0,0.428571429,2.428571429,2.857142857,0.142857143,0.142857143,0.142857143,0.571428571,1.714285714,2.285714286,2.571428571
Jordan Adams,Memphis Grizzlies,SG,"$1,344,120",77,209,20,6.909090909,0.909090909,2.090909091,0.272727273,0.727272727,0.454545455,0.909090909,0.090909091,0.636363636,0.727272727,0.545454545,0.363636364,0.181818182,0.272727273,0.818181818,-1.727272727,2.545454545
Martell Webster,Washington Wizards,SF,"$5,381,750",79,230,28,11.1,0.6,2.5,0.2,1.2,1.1,1.6,0,0.9,0.9,0.7,0.1,0.1,0.5,0.9,-4.7,2.5
Reggie Bullock,Phoenix Suns,SG,"$1,200,720",79,205,23,10.19230769,0.884615385,2.115384615,0.576923077,1.538461538,0.153846154,0.192307692,0,1.538461538,1.538461538,0.230769231,0.346153846,0.115384615,0.230769231,0.653846154,0.038461538,2.5
C.J. Wilcox,Los Angeles Clippers,SG,"$1,109,760",77,195,24,4.833333333,1,2.333333333,0.5,1,0,0,0,0.333333333,0.333333333,0.333333333,0.166666667,0,0.166666667,0.166666667,-2.166666667,2.5
Nate Wolters,New Orleans Pelicans,PG,"$816,482",76,190,23,12.70588235,1.176470588,3,0,0.411764706,0.117647059,0.352941176,0.411764706,1.294117647,1.705882353,0.882352941,0.470588235,0.058823529,0.705882353,1.058823529,-0.352941176,2.470588235
Markel Brown,Brooklyn Nets,SG,"$507,336",75,190,23,6.230769231,0.692307692,2.076923077,0.230769231,0.692307692,0.769230769,1,0,0.769230769,0.769230769,0.384615385,0.076923077,0.076923077,0.538461538,0.307692308,-0.923076923,2.384615385
Devyn Marble,Orlando Magic,SG,"$884,879",78,200,22,13.0625,0.875,2.75,0.25,1.375,0.3125,1,0.3125,1.625,1.9375,1.0625,0.5625,0.125,0.5625,0.875,-0.9375,2.3125
Jeff Withey,New Orleans Pelicans,C,"$816,482",85,222,24,5.818181818,0.681818182,1.5,0,0,0.863636364,1.272727273,0.545454545,0.954545455,1.5,0.227272727,0.045454545,0.545454545,0.181818182,0.636363636,0.272727273,2.227272727
John Salmons,New Orleans Pelicans,SF,"$2,000,000",78,210,35,13.15789474,0.842105263,2.368421053,0.421052632,1.210526316,0.105263158,0.210526316,0.210526316,0.894736842,1.105263158,0.631578947,0.421052632,0.157894737,0.157894737,1.263157895,-2.736842105,2.210526316
E'Twaun Moore,Chicago Bulls,SG,"$948,163",76,191,25,7.928571429,0.892857143,2.107142857,0.25,0.571428571,0.142857143,0.285714286,0.25,0.678571429,0.928571429,0.607142857,0.142857143,0.107142857,0.142857143,0.464285714,-0.107142857,2.178571429
Ian Clark,Utah Jazz,SG,"$816,482",75,180,23,7.722222222,0.722222222,2.055555556,0.444444444,1.111111111,0.277777778,0.277777778,0.111111111,0.444444444,0.555555556,0.5,0.222222222,0.055555556,0.388888889,0.611111111,-2,2.166666667
Greg Smith,Dallas Mavericks,PF,"$948,163",73,250,24,9,0.75862069,1.206896552,0,0,0.551724138,0.965517241,0.793103448,1.24137931,2.034482759,0.206896552,0.206896552,0.275862069,0.310344828,1.413793103,-0.620689655,2.068965517
Jarnell Stokes,Memphis Grizzlies,PF,"$725,000",81,263,21,5.5625,0.75,1.5625,0,0,0.5625,1.0625,0.6875,0.625,1.3125,0.125,0.0625,0.1875,0.1875,1.125,0.125,2.0625
Tyler Johnson,Miami Heat,SG,"$507,336",75,190,22,2,0,0,0,0,2,2,0,0,0,0,0,0,0,0,-1,2
Julius Randle,Los Angeles Lakers,PF,"$2,997,360",81,250,20,14,1,3,0,0,0,2,0,0,0,0,0,0,1,1,-18,2
Joey Dorsey,Houston Rockets,PF,"$948,163",81,275,31,11.28571429,0.828571429,1.628571429,0,0,0.342857143,1.142857143,1.4,2.371428571,3.771428571,0.342857143,0.657142857,0.485714286,0.685714286,2.228571429,0.371428571,2
Shayne Whittington,Indiana Pacers,PF,"$507,336",73,250,23,4.538461538,0.692307692,1.461538462,0.076923077,0.461538462,0.538461538,0.846153846,0.461538462,0.769230769,1.230769231,0.461538462,0.384615385,0.153846154,0.153846154,0.461538462,2.230769231,2
Lou Amundson,New York Knicks,PF,"$107,676",81,225,32,10.88235294,0.823529412,2.117647059,0,0,0.352941176,0.764705882,1,1.882352941,2.882352941,0.882352941,0.117647059,0.470588235,0.588235294,1.647058824,-0.117647059,2
Miroslav Raduljica,Minnesota Timberwolves,C,"$1,500,000",85,250,27,5.75,0.75,2,0,0,0.5,0.5,0.5,0.75,1.25,0,0.25,0,0.5,2,-1.5,2
JaMychal Green,San Antonio Spurs,PF,"$29,843",80,230,24,6.25,1,1.75,0,0.5,0,0,0.75,0.75,1.5,0,0,0.5,0.5,1.5,-2,2
Noah Vonleh,Charlotte Hornets,PF,"$2,524,200",73,240,19,7.375,0.75,2.125,0.125,0.375,0.25,0.5,0.5,1.75,2.25,0.125,0.25,0.125,0.25,0.625,-1.5,1.875
Chuck Hayes,Toronto Raptors,C,"$5,958,750",78,240,31,9,0.777777778,1.611111111,0,0,0.277777778,0.5,0.5,1.166666667,1.666666667,0.722222222,0.333333333,0.055555556,0.388888889,1.388888889,1.611111111,1.833333333
Brendan Haywood,Cleveland Cavaliers,C,"$2,213,668",85,263,35,5.375,0.75,1.5625,0,0,0.25,0.5,0.375,1.1875,1.5625,0.0625,0.0625,0.5,0.5,1,-2,1.75
Grant Jerrett,Oklahoma City Thunder,PF,"$816,482",73,232,21,6,0.75,4,0.25,3,0,0,0.25,0.75,1,0.25,0,0.5,0.5,1.5,-4,1.75
Adreian Payne,Atlanta Hawks,PF,"$1,855,320",73,245,23,6.666666667,0.666666667,2.333333333,0,0.333333333,0.333333333,0.666666667,0.333333333,1,1.333333333,0,0.333333333,0,0,1.333333333,-6.333333333,1.666666667
Jorge Gutierrez,Brooklyn Nets,PG,"$816,482",75,195,26,4.5,0.7,1.4,0,0.1,0.2,0.3,0,0.7,0.7,0.7,0.1,0,0.3,0.9,-1,1.6
Cartier Martin,Detroit Pistons,PF,"$1,145,685",79,220,30,8.285714286,0.642857143,2.357142857,0.285714286,1.571428571,0,0,0,0.785714286,0.785714286,0.428571429,0,0,0.214285714,0.642857143,-0.857142857,1.571428571
Greg Stiemsma,Toronto Raptors,C,"$915,243",73,260,29,5.375,0.625,0.75,0,0,0.25,0.25,1,0.375,1.375,0.25,0.125,0,0.5,1.75,-0.25,1.5
Ish Smith,Oklahoma City Thunder,PG,"$861,405",73,175,26,5.6,0.6,1.68,0.04,0.2,0.24,0.36,0.2,0.84,1.04,1.04,0.12,0.04,0.28,0.4,-1.4,1.48
Furkan Aldemir,Philadelphia 76ers,PF,"$2,963,232",73,240,23,11.64705882,0.647058824,1.470588235,0,0,0.176470588,0.235294118,1.647058824,2.705882353,4.352941176,0.529411765,0.470588235,0.411764706,0.470588235,2.058823529,-3.882352941,1.470588235
DeJuan Blair,Washington Wizards,C,"$2,000,000",79,270,25,4.571428571,0.642857143,1.142857143,0,0,0.071428571,0.142857143,0.214285714,1.142857143,1.357142857,0.071428571,0.071428571,0,0.214285714,0.928571429,-2.5,1.357142857
Ognjen Kuzmic,Golden State Warriors,C,"$816,482",85,260,24,4.6,0.533333333,0.8,0,0,0.266666667,0.266666667,0.4,0.666666667,1.066666667,0.4,0.133333333,0.066666667,0.333333333,0.866666667,-2.866666667,1.333333333
Jeremy Evans,Utah Jazz,SF,"$1,794,871",81,200,27,4.176470588,0.470588235,1.117647059,0.058823529,0.117647059,0.294117647,0.294117647,0.352941176,0.882352941,1.235294118,0.176470588,0.235294118,0.470588235,0.117647059,0.294117647,-0.352941176,1.294117647
Steve Novak,Utah Jazz,SF,"$3,445,947",73,225,31,4,0.421052632,1.157894737,0.421052632,1.052631579,0,0.105263158,0,0.684210526,0.684210526,0.210526316,0,0.052631579,0.105263158,0.473684211,-1.263157895,1.263157895
Glenn Robinson III,Minnesota Timberwolves,SG,"$507,336",79,222,21,4.380952381,0.380952381,1,0.047619048,0.238095238,0.428571429,0.571428571,0.19047619,0.476190476,0.666666667,0.142857143,0.142857143,0,0.142857143,0.142857143,0.428571429,1.238095238
Lucas Nogueira,Toronto Raptors,C,"$1,762,680",85,220,22,4.2,0.4,1.4,0,0,0.4,0.8,0.2,1.8,2,0.2,0.4,0,0.4,1.2,-1.8,1.2
Joel Anthony,Detroit Pistons,C,"$3,800,000",81,245,32,6.416666667,0.5,0.875,0,0,0.166666667,0.291666667,0.375,1.125,1.5,0.083333333,0.166666667,0.625,0.208333333,1,1.041666667,1.166666667
Kenyon Martin,Milwaukee Bucks,PF,"$414,551",81,225,37,5.142857143,0.571428571,1.285714286,0,0,0,0,0.142857143,0.714285714,0.857142857,0.285714286,0,0.142857143,0.142857143,1.285714286,-4,1.142857143
Nazr Mohammed,Chicago Bulls,C,"$915,243",73,250,37,6,0.5,1.3,0,0,0.1,0.3,0.2,1.4,1.6,0.1,0.1,0.3,0.2,0.8,0.8,1.1
Shavlik Randolph,Phoenix Suns,PF,"$1,227,985",73,236,31,6.375,0.375,1.5625,0,0.25,0.3125,0.625,0.75,0.875,1.625,0.1875,0.25,0.125,0.125,0.8125,-1.0625,1.0625
Cameron Bairstow,Chicago Bulls,PF,"$507,336",81,250,24,4.545454545,0.272727273,1.090909091,0,0,0.363636364,0.454545455,0.545454545,0.181818182,0.727272727,0.090909091,0.181818182,0.090909091,0.272727273,0.636363636,-1.545454545,0.909090909
Brandon Rush,Golden State Warriors,SG,"$1,145,685",78,220,29,8.047619048,0.333333333,1.428571429,0.047619048,0.761904762,0.142857143,0.238095238,0.047619048,1.238095238,1.285714286,0.428571429,0.095238095,0.380952381,0.428571429,0.666666667,-2.476190476,0.857142857
Russ Smith,New Orleans Pelicans,PG,"$507,336",73,165,23,4.833333333,0.333333333,1.666666667,0.166666667,1,0,0,0,0.5,0.5,0.333333333,0,0,1.166666667,1,-1,0.833333333
Gerald Wallace,Boston Celtics,SF,"$10,105,855",79,220,32,7.294117647,0.294117647,0.647058824,0,0.058823529,0.235294118,0.352941176,0.352941176,0.529411765,0.882352941,0.117647059,0.529411765,0.117647059,0.411764706,0.588235294,1.705882353,0.823529412
Dahntay Jones,Los Angeles Clippers,SG,"$53,838",78,225,34,5,0.4,1,0,0.2,0,0,0,0.2,0.2,0,0,0,0,1,-4.4,0.8
Zoran Dragic,Phoenix Suns,SG,"$1,706,225",77,200,25,2.25,0.25,1.25,0,0.75,0.25,0.25,0,0.25,0.25,0.25,0,0,0,0.25,-0.25,0.75
Andre Dawkins,Miami Heat,SG,"$29,843",77,219,23,5.5,0.25,1.5,0.25,1.5,0,0,0,0.5,0.5,0.25,0,0,0.25,0.75,-1,0.75
Eric Moreland,Sacramento Kings,PF,"$507,336",73,218,23,0.666666667,0.333333333,0.333333333,0,0,0,0,0,0.333333333,0.333333333,0,0,0,0,0.333333333,0.333333333,0.666666667
Ekpe Udoh,Los Angeles Clippers,PF,"$915,243",73,245,27,3.428571429,0.238095238,0.571428571,0,0,0.095238095,0.095238095,0.238095238,0.285714286,0.523809524,0.285714286,0.095238095,0.19047619,0.095238095,0.476190476,0.238095238,0.571428571
Andrei Kirilenko,Brooklyn Nets,SF,"$3,326,235",81,235,33,5.285714286,0,0.714285714,0,0,0.428571429,0.571428571,0.285714286,0.857142857,1.142857143,0.142857143,0.142857143,0,0.142857143,0.142857143,-4.142857143,0.428571429
Clint Capela,Houston Rockets,C,"$1,189,200",73,240,20,3.4,0,2,0,0,0,1.6,0.6,0.6,1.2,0.2,0.2,0.2,0.6,0.6,-4.2,0
Ricky Ledo,Dallas Mavericks,SG,"$816,482",79,195,22,1,0,0.5,0,0,0,0,0.5,0,0.5,0,0,0,0,0,0,0
